{
"skeleton": { "hash": "Us940Q45vj6rDSCqb0dh0GK6evc", "spine": "3.6.53", "width": 5376.76, "height": 4819.46, "images": "" },
"bones": [
	{ "name": "root" },
	{ "name": "yunduo", "parent": "root", "x": 166.61, "y": 211.46, "color": "ff0000ff" },
	{ "name": "yun", "parent": "yunduo", "x": 518.5, "y": 672.86, "color": "ff0000ff" },
	{ "name": "yunduo2", "parent": "root", "x": -1070.21, "y": -1347.33 },
	{ "name": "yun2", "parent": "yunduo2", "x": -274.29, "y": -355.8, "color": "ff0000ff" },
	{ "name": "yun bg", "parent": "yunduo", "x": 518.5, "y": 672.86 },
	{ "name": "yun bg2", "parent": "yunduo", "x": 257.5, "y": 1347.86, "color": "ff0000ff" },
	{ "name": "yun bg3", "parent": "yunduo2", "x": -274.29, "y": -355.8 },
	{ "name": "yun bg4", "parent": "yunduo2", "x": -535.29, "y": 319.2 }
],
"slots": [
	{ "name": "zhezhao", "bone": "root", "attachment": "01" },
	{ "name": "4", "bone": "yun bg3", "color": "ffffff8a", "attachment": "01" },
	{ "name": "02", "bone": "yun", "attachment": "01" },
	{ "name": "2", "bone": "yun2", "attachment": "01" },
	{ "name": "05", "bone": "yun", "attachment": "01" },
	{ "name": "5", "bone": "yun2", "attachment": "01" },
	{ "name": "01", "bone": "yun", "attachment": "01" },
	{ "name": "1", "bone": "yun2", "attachment": "01" },
	{ "name": "06", "bone": "yun", "attachment": "01" },
	{ "name": "6", "bone": "yun2", "attachment": "01" },
	{ "name": "10", "bone": "yun bg4", "color": "ffffff8a", "attachment": "01" },
	{ "name": "11", "bone": "yun bg4", "color": "ffffff8a", "attachment": "01" },
	{ "name": "03", "bone": "yun bg", "color": "ffffff8a", "attachment": "01" },
	{ "name": "3", "bone": "yun bg2", "color": "ffffff8a", "attachment": "01" },
	{ "name": "9", "bone": "yun bg3", "color": "ffffff8a", "attachment": "01" },
	{ "name": "07", "bone": "yun bg", "color": "ffffff8a", "attachment": "01" },
	{ "name": "7", "bone": "yun bg3", "color": "ffffff8a", "attachment": "01" },
	{ "name": "08", "bone": "yun bg", "color": "ffffff8a", "attachment": "01" },
	{ "name": "8", "bone": "yun bg2", "color": "ffffff8a", "attachment": "01" }
],
"skins": {
	"default": {
		"01": {
			"01": { "scaleX": 2, "scaleY": 2, "width": 238, "height": 180 }
		},
		"02": {
			"01": { "x": 295.36, "y": 499.75, "scaleX": 4, "scaleY": 4, "width": 238, "height": 180 }
		},
		"03": {
			"01": { "x": 388.09, "y": 109.37, "scaleX": 6, "scaleY": 6, "width": 238, "height": 180 }
		},
		"05": {
			"01": { "color": "ffffffd0", "x": 564.02, "y": -17.77, "scaleX": 3, "scaleY": 3, "width": 238, "height": 180 }
		},
		"06": {
			"01": { "x": 779.73, "y": 411.63, "scaleX": 3, "scaleY": 3, "width": 238, "height": 180 }
		},
		"07": {
			"01": { "x": 933.93, "y": 89.58, "scaleX": 8, "scaleY": 8, "width": 238, "height": 180 }
		},
		"08": {
			"01": { "x": 759.77, "y": 738.69, "scaleX": 8, "scaleY": 8, "width": 238, "height": 180 }
		},
		"1": {
			"01": { "x": -279, "y": -396, "scaleX": 2, "scaleY": 21, "width": 238, "height": 180 }
		},
		"10": {
			"01": { "x": 356.49, "y": -196.63, "scaleX": 6, "scaleY": 6, "width": 238, "height": 180 }
		},
		"11": {
			"01": { "x": 21.77, "y": 81.69, "scaleX": 8, "scaleY": 8, "width": 238, "height": 180 }
		},
		"2": {
			"01": { "x": 295.36, "y": 499.75, "scaleX": 2, "scaleY": 2, "width": 238, "height": 180 }
		},
		"3": {
			"01": { "x": 356.49, "y": -196.63, "scaleX": 6, "scaleY": 6, "width": 238, "height": 180 }
		},
		"4": {
			"01": { "x": 221.49, "y": 109.37, "scaleX": 6, "scaleY": 6, "width": 238, "height": 180 }
		},
		"5": {
			"01": { "color": "ffffffd0", "x": 564.02, "y": -17.77, "scaleX": 3, "scaleY": 3, "width": 238, "height": 180 }
		},
		"6": {
			"01": { "x": 968.73, "y": 627.63, "scaleX": 3, "scaleY": 3, "width": 238, "height": 180 }
		},
		"7": {
			"01": { "x": 1176.93, "y": 89.58, "scaleX": 8, "scaleY": 8, "width": 238, "height": 180 }
		},
		"8": {
			"01": { "x": 21.77, "y": 81.69, "scaleX": 8, "scaleY": 8, "width": 238, "height": 180 }
		},
		"9": {
			"01": { "x": -509.23, "y": -35.31, "scaleX": 8, "scaleY": 8, "width": 238, "height": 180 }
		},
		"zhezhao": {
			"01": {
				"type": "clipping",
				"end": "zhezhao",
				"vertexCount": 4,
				"vertices": [ -393.67, -821.16, 385.49, -830.22, 383.22, 820.97, -398.2, 823.23 ],
				"color": "ce3a3aff"
			}
		}
	}
},
"events": {
	"daofang": {}
},
"animations": {
	"animation": {
		"slots": {
			"1": {
				"color": [
					{ "time": 0, "color": "ffffff00" },
					{ "time": 0.5, "color": "ffffffff", "curve": "stepped" },
					{ "time": 1, "color": "ffffffff" },
					{ "time": 1.5, "color": "ffffff00" }
				]
			},
			"2": {
				"color": [
					{ "time": 0, "color": "ffffff00" },
					{ "time": 0.5, "color": "ffffffff", "curve": "stepped" },
					{ "time": 1, "color": "ffffffff" },
					{ "time": 1.5, "color": "ffffff00" }
				]
			},
			"3": {
				"color": [
					{ "time": 0, "color": "ffffff8a", "curve": "stepped" },
					{ "time": 0.1667, "color": "ffffff8a" },
					{ "time": 0.5, "color": "ffffffff", "curve": "stepped" },
					{ "time": 1, "color": "ffffffff" },
					{ "time": 1.3333, "color": "ffffff8a", "curve": "stepped" },
					{ "time": 1.5, "color": "ffffff8a" }
				]
			},
			"4": {
				"color": [
					{ "time": 0, "color": "ffffff8a", "curve": "stepped" },
					{ "time": 0.1667, "color": "ffffff8a" },
					{ "time": 0.5, "color": "ffffffff", "curve": "stepped" },
					{ "time": 1, "color": "ffffffff" },
					{ "time": 1.3333, "color": "ffffff8a", "curve": "stepped" },
					{ "time": 1.5, "color": "ffffff8a" }
				]
			},
			"5": {
				"color": [
					{ "time": 0, "color": "ffffff00" },
					{ "time": 0.5, "color": "ffffffff", "curve": "stepped" },
					{ "time": 1, "color": "ffffffff" },
					{ "time": 1.5, "color": "ffffff00" }
				]
			},
			"6": {
				"color": [
					{ "time": 0, "color": "ffffff00" },
					{ "time": 0.5, "color": "ffffffff", "curve": "stepped" },
					{ "time": 1, "color": "ffffffff" },
					{ "time": 1.5, "color": "ffffff00" }
				]
			},
			"7": {
				"color": [
					{ "time": 0, "color": "ffffff8a", "curve": "stepped" },
					{ "time": 0.1667, "color": "ffffff8a" },
					{ "time": 0.5, "color": "ffffffff", "curve": "stepped" },
					{ "time": 1, "color": "ffffffff" },
					{ "time": 1.3333, "color": "ffffff8a", "curve": "stepped" },
					{ "time": 1.5, "color": "ffffff8a" }
				]
			},
			"8": {
				"color": [
					{ "time": 0, "color": "ffffff8a", "curve": "stepped" },
					{ "time": 0.1667, "color": "ffffff8a" },
					{ "time": 0.5, "color": "ffffffff", "curve": "stepped" },
					{ "time": 1, "color": "ffffffff" },
					{ "time": 1.3333, "color": "ffffff8a", "curve": "stepped" },
					{ "time": 1.5, "color": "ffffff8a" }
				]
			},
			"9": {
				"color": [
					{ "time": 0, "color": "ffffff8a", "curve": "stepped" },
					{ "time": 0.1667, "color": "ffffff8a" },
					{ "time": 0.5, "color": "ffffffff", "curve": "stepped" },
					{ "time": 1, "color": "ffffffff" },
					{ "time": 1.3333, "color": "ffffff8a", "curve": "stepped" },
					{ "time": 1.5, "color": "ffffff8a" }
				]
			},
			"01": {
				"color": [
					{ "time": 0, "color": "ffffff4f" },
					{ "time": 0.5, "color": "ffffffff", "curve": "stepped" },
					{ "time": 1, "color": "ffffffff" },
					{ "time": 1.5, "color": "ffffff4f" }
				]
			},
			"03": {
				"color": [
					{ "time": 0, "color": "ffffff00", "curve": "stepped" },
					{ "time": 0.1667, "color": "ffffff00" },
					{ "time": 0.5, "color": "ffffffff", "curve": "stepped" },
					{ "time": 1, "color": "ffffffff" },
					{ "time": 1.3333, "color": "ffffff00", "curve": "stepped" },
					{ "time": 1.5, "color": "ffffff00" }
				]
			},
			"07": {
				"color": [
					{ "time": 0, "color": "ffffff00", "curve": "stepped" },
					{ "time": 0.1667, "color": "ffffff00" },
					{ "time": 0.5, "color": "ffffffff", "curve": "stepped" },
					{ "time": 1, "color": "ffffffff" },
					{ "time": 1.3333, "color": "ffffff00", "curve": "stepped" },
					{ "time": 1.5, "color": "ffffff00" }
				]
			},
			"08": {
				"color": [
					{ "time": 0, "color": "ffffff00", "curve": "stepped" },
					{ "time": 0.1667, "color": "ffffff00" },
					{ "time": 0.5, "color": "ffffffff", "curve": "stepped" },
					{ "time": 1, "color": "ffffffff" },
					{ "time": 1.3333, "color": "ffffff00", "curve": "stepped" },
					{ "time": 1.5, "color": "ffffff00" }
				]
			},
			"10": {
				"color": [
					{ "time": 0, "color": "ffffff8a", "curve": "stepped" },
					{ "time": 0.1667, "color": "ffffff8a" },
					{ "time": 0.5, "color": "ffffffff", "curve": "stepped" },
					{ "time": 1, "color": "ffffffff" },
					{ "time": 1.3333, "color": "ffffff8a", "curve": "stepped" },
					{ "time": 1.5, "color": "ffffff8a" }
				]
			},
			"11": {
				"color": [
					{ "time": 0, "color": "ffffff8a", "curve": "stepped" },
					{ "time": 0.1667, "color": "ffffff8a" },
					{ "time": 0.5, "color": "ffffffff", "curve": "stepped" },
					{ "time": 1, "color": "ffffffff" },
					{ "time": 1.3333, "color": "ffffff8a", "curve": "stepped" },
					{ "time": 1.5, "color": "ffffff8a" }
				]
			}
		},
		"bones": {
			"yun bg": {
				"translate": [
					{ "time": 0, "x": 0, "y": 0 },
					{ "time": 0.5, "x": -518.5, "y": -672.86, "curve": "stepped" },
					{ "time": 1, "x": -518.5, "y": -672.86 },
					{ "time": 1.5, "x": 0, "y": 0 }
				]
			},
			"yun": {
				"translate": [
					{ "time": 0, "x": 0, "y": 0 },
					{ "time": 0.5, "x": -517.37, "y": -675.3, "curve": "stepped" },
					{ "time": 1, "x": -517.37, "y": -675.3 },
					{ "time": 1.5, "x": 0, "y": 0 }
				]
			},
			"yun bg2": {
				"translate": [
					{ "time": 0, "x": 306, "y": 450 },
					{ "time": 0.5, "x": -518.5, "y": -672.86, "curve": "stepped" },
					{ "time": 1, "x": -518.5, "y": -672.86 },
					{ "time": 1.5, "x": 306, "y": 450 }
				]
			},
			"yun2": {
				"translate": [
					{ "time": 0, "x": -325.01, "y": 0 },
					{ "time": 0.5, "x": 1186.99, "y": 1377.22, "curve": "stepped" },
					{ "time": 1, "x": 1186.99, "y": 1377.22 },
					{ "time": 1.5, "x": -325.01, "y": 0 }
				]
			},
			"yun bg3": {
				"translate": [
					{ "time": 0, "x": 0, "y": 0 },
					{ "time": 0.5, "x": 710.09, "y": 671.76, "curve": "stepped" },
					{ "time": 1, "x": 710.09, "y": 671.76 },
					{ "time": 1.5, "x": 0, "y": 0 }
				]
			},
			"yun bg4": {
				"translate": [
					{ "time": 0, "x": 0, "y": 0 },
					{ "time": 0.5, "x": 1416.5, "y": 992.14, "curve": "stepped" },
					{ "time": 1, "x": 1416.5, "y": 992.14 },
					{ "time": 1.5, "x": 0, "y": 0 }
				]
			}
		},
		"events": [
			{ "time": 0.8333, "name": "daofang" }
		]
	}
}
}