{"type":"Scene","props":{"width":750,"runtime":"runtime/ImgEffect.ts","name":"ArmyUpgrade","mouseThrough":true,"height":1334,"centerY":0,"centerX":0},"compId":2,"child":[{"type":"Script","props":{"top":0,"right":0,"left":0,"bottom":0,"runtime":"laya.ui.Widget"},"compId":119},{"type":"Image","props":{"width":750,"mouseThrough":true,"height":1334},"compId":121,"child":[{"type":"Script","props":{"top":0,"right":0,"left":0,"bottom":0,"runtime":"laya.ui.Widget"},"compId":122},{"type":"Image","props":{"var":"armyNode","name":"armyNode"},"compId":278,"child":[{"type":"Image","props":{"y":120,"x":205,"var":"lifeValue","skin":"ui/bg_13.png","name":"lifeValue","anchorX":0.5},"compId":235,"child":[{"type":"Image","props":{"y":143,"x":146,"skin":"ui/bg_14.png","anchorY":0.5,"anchorX":0.5},"compId":236},{"type":"Image","props":{"y":143,"x":146,"skin":"ui/lifeValue.png","anchorY":0.5,"anchorX":0.5},"compId":237},{"type":"Image","props":{"y":24,"x":29,"skin":"ui/bg_14.png"},"compId":238},{"type":"Label","props":{"y":229.5,"x":146,"valign":"middle","text":"1级","strokeColor":"#080808","stroke":3,"name":"levelText","fontSize":35,"font":"SimHei","color":"#ffffff","anchorY":0.5,"anchorX":0.5,"align":"center"},"compId":239},{"type":"Label","props":{"y":287,"x":146,"valign":"middle","text":"生命上限","strokeColor":"#4a4a4a","stroke":2,"fontSize":35,"font":"SimHei","color":"#4a4a4a","anchorY":0.5,"anchorX":0.5,"align":"center"},"compId":240},{"type":"Image","props":{"y":365,"x":146,"width":200,"skin":"ui/btn_yellow_small.png","name":"upgradeBtn","height":90,"anchorY":0.5,"anchorX":0.5},"compId":241,"child":[{"type":"Label","props":{"y":20,"x":100,"valign":"middle","text":"升级","strokeColor":"#ab660d","stroke":3,"fontSize":30,"font":"SimHei","color":"#ffffff","anchorY":0.5,"anchorX":0.5,"align":"center"},"compId":246},{"type":"Image","props":{"y":60.5,"x":58,"skin":"ui/coin1.png","scaleY":0.6,"scaleX":0.6,"name":"coin","anchorY":0.5,"anchorX":0.5},"compId":243},{"type":"FontClip","props":{"y":60,"x":122,"value":"1000","skin":"ui/coinNum.png","sheet":"0123456789","scaleY":0.8,"scaleX":0.8,"name":"coinText","anchorY":0.5,"anchorX":0.5},"compId":247},{"type":"Image","props":{"y":59,"x":64,"skin":"ui/video2.png","scaleY":0.6,"scaleX":0.6,"name":"video","anchorY":0.5,"anchorX":0.5},"compId":279},{"type":"Label","props":{"y":59.5,"x":120,"valign":"middle","text":"免费","strokeColor":"#000000","stroke":3,"name":"videoText","fontSize":30,"font":"SimHei","color":"#ffffff","anchorY":0.5,"anchorX":0.5,"align":"center"},"compId":281}]},{"type":"Label","props":{"y":360,"x":146,"visible":false,"valign":"middle","text":"满级","strokeColor":"#4a4a4a","stroke":2,"name":"maxLevelText","fontSize":35,"font":"SimHei","color":"#4a4a4a","anchorY":0.5,"anchorX":0.5,"align":"center"},"compId":288}]},{"type":"Image","props":{"y":349,"x":535,"var":"callSoldier","skin":"ui/bg_13.png","name":"callSoldier","anchorY":0.5,"anchorX":0.5},"compId":248,"child":[{"type":"Image","props":{"y":143,"x":146,"skin":"ui/bg_14.png","anchorY":0.5,"anchorX":0.5},"compId":249},{"type":"Image","props":{"y":143,"x":146,"skin":"ui/callSoldier.png","anchorY":0.5,"anchorX":0.5},"compId":250},{"type":"Image","props":{"y":24,"x":29,"skin":"ui/bg_14.png"},"compId":251},{"type":"Label","props":{"y":229.5,"x":146,"valign":"middle","text":"1级","strokeColor":"#080808","stroke":3,"name":"levelText","fontSize":35,"font":"SimHei","color":"#ffffff","anchorY":0.5,"anchorX":0.5,"align":"center"},"compId":252},{"type":"Label","props":{"y":287,"x":146,"valign":"middle","text":"召唤士兵","strokeColor":"#4a4a4a","stroke":2,"fontSize":35,"font":"SimHei","color":"#4a4a4a","anchorY":0.5,"anchorX":0.5,"align":"center"},"compId":253},{"type":"Image","props":{"y":365,"x":146,"width":200,"skin":"ui/btn_yellow_small.png","name":"upgradeBtn","height":90,"anchorY":0.5,"anchorX":0.5},"compId":254,"child":[{"type":"Label","props":{"y":20,"x":100,"valign":"middle","text":"升级","strokeColor":"#ab660d","stroke":3,"fontSize":30,"font":"SimHei","color":"#ffffff","anchorY":0.5,"anchorX":0.5,"align":"center"},"compId":255},{"type":"Image","props":{"y":60.5,"x":58,"skin":"ui/coin1.png","scaleY":0.6,"scaleX":0.6,"name":"coin","anchorY":0.5,"anchorX":0.5},"compId":256},{"type":"FontClip","props":{"y":60,"x":122,"value":"1000","skin":"ui/coinNum.png","sheet":"0123456789","scaleY":0.8,"scaleX":0.8,"name":"coinText","anchorY":0.5,"anchorX":0.5},"compId":257},{"type":"Image","props":{"y":59,"x":64,"skin":"ui/video2.png","scaleY":0.6,"scaleX":0.6,"name":"video","anchorY":0.5,"anchorX":0.5},"compId":282},{"type":"Label","props":{"y":59,"x":120,"valign":"middle","text":"免费","strokeColor":"#000000","stroke":3,"name":"videoText","fontSize":30,"font":"SimHei","color":"#ffffff","anchorY":0.5,"anchorX":0.5,"align":"center"},"compId":283}]},{"type":"Label","props":{"y":360,"x":146,"visible":false,"valign":"middle","text":"满级","strokeColor":"#4a4a4a","stroke":2,"name":"maxLevelText","fontSize":35,"font":"SimHei","color":"#4a4a4a","anchorY":0.5,"anchorX":0.5,"align":"center"},"compId":289}]},{"type":"Image","props":{"y":821,"x":205,"var":"attackSpeed","skin":"ui/bg_13.png","name":"attackSpeed","anchorY":0.5,"anchorX":0.5},"compId":258,"child":[{"type":"Image","props":{"y":143,"x":146,"skin":"ui/bg_14.png","anchorY":0.5,"anchorX":0.5},"compId":260},{"type":"Image","props":{"y":143,"x":146,"skin":"ui/attackSpeed.png","anchorY":0.5,"anchorX":0.5},"compId":261},{"type":"Image","props":{"y":24,"x":29,"skin":"ui/bg_14.png"},"compId":262},{"type":"Label","props":{"y":229.5,"x":146,"valign":"middle","text":"1级","strokeColor":"#080808","stroke":3,"name":"levelText","fontSize":35,"font":"SimHei","color":"#ffffff","anchorY":0.5,"anchorX":0.5,"align":"center"},"compId":263},{"type":"Label","props":{"y":287,"x":146,"valign":"middle","text":"攻击速度","strokeColor":"#4a4a4a","stroke":2,"fontSize":35,"font":"SimHei","color":"#4a4a4a","anchorY":0.5,"anchorX":0.5,"align":"center"},"compId":264},{"type":"Image","props":{"y":365,"x":146,"width":200,"skin":"ui/btn_yellow_small.png","name":"upgradeBtn","height":90,"anchorY":0.5,"anchorX":0.5},"compId":265,"child":[{"type":"Label","props":{"y":20,"x":100,"valign":"middle","text":"升级","strokeColor":"#ab660d","stroke":3,"fontSize":30,"font":"SimHei","color":"#ffffff","anchorY":0.5,"anchorX":0.5,"align":"center"},"compId":266},{"type":"Image","props":{"y":60.5,"x":58,"skin":"ui/coin1.png","scaleY":0.6,"scaleX":0.6,"name":"coin","anchorY":0.5,"anchorX":0.5},"compId":267},{"type":"FontClip","props":{"y":60,"x":122,"value":"1000","skin":"ui/coinNum.png","sheet":"0123456789","scaleY":0.8,"scaleX":0.8,"name":"coinText","anchorY":0.5,"anchorX":0.5},"compId":268},{"type":"Image","props":{"y":59,"x":64,"skin":"ui/video2.png","scaleY":0.6,"scaleX":0.6,"name":"video","anchorY":0.5,"anchorX":0.5},"compId":284},{"type":"Label","props":{"y":59,"x":120,"valign":"middle","text":"免费","strokeColor":"#000000","stroke":3,"name":"videoText","fontSize":30,"font":"SimHei","color":"#ffffff","anchorY":0.5,"anchorX":0.5,"align":"center"},"compId":285}]},{"type":"Label","props":{"y":360,"x":146,"visible":false,"valign":"middle","text":"满级","strokeColor":"#4a4a4a","stroke":2,"name":"maxLevelText","fontSize":35,"font":"SimHei","color":"#4a4a4a","anchorY":0.5,"anchorX":0.5,"align":"center"},"compId":290}]},{"type":"Image","props":{"y":820,"x":535,"var":"attackRange","skin":"ui/bg_13.png","name":"attackRange","anchorY":0.5,"anchorX":0.5},"compId":259,"child":[{"type":"Image","props":{"y":143,"x":146,"skin":"ui/bg_14.png","anchorY":0.5,"anchorX":0.5},"compId":269},{"type":"Image","props":{"y":143,"x":146,"skin":"ui/attackRange.png","anchorY":0.5,"anchorX":0.5},"compId":270},{"type":"Image","props":{"y":24,"x":29,"skin":"ui/bg_14.png"},"compId":271},{"type":"Label","props":{"y":229.5,"x":146,"valign":"middle","text":"1级","strokeColor":"#080808","stroke":3,"name":"levelText","fontSize":35,"font":"SimHei","color":"#ffffff","anchorY":0.5,"anchorX":0.5,"align":"center"},"compId":272},{"type":"Label","props":{"y":287,"x":146,"valign":"middle","text":"攻击范围","strokeColor":"#4a4a4a","stroke":2,"fontSize":35,"font":"SimHei","color":"#4a4a4a","anchorY":0.5,"anchorX":0.5,"align":"center"},"compId":273},{"type":"Image","props":{"y":365,"x":146,"width":200,"skin":"ui/btn_yellow_small.png","name":"upgradeBtn","height":90,"anchorY":0.5,"anchorX":0.5},"compId":274,"child":[{"type":"Label","props":{"y":20,"x":100,"valign":"middle","text":"升级","strokeColor":"#ab660d","stroke":3,"fontSize":30,"font":"SimHei","color":"#ffffff","anchorY":0.5,"anchorX":0.5,"align":"center"},"compId":275},{"type":"Image","props":{"y":60.5,"x":58,"skin":"ui/coin1.png","scaleY":0.6,"scaleX":0.6,"name":"coin","anchorY":0.5,"anchorX":0.5},"compId":276},{"type":"FontClip","props":{"y":60,"x":122,"value":"1000","skin":"ui/coinNum.png","sheet":"0123456789","scaleY":0.8,"scaleX":0.8,"name":"coinText","anchorY":0.5,"anchorX":0.5},"compId":277},{"type":"Image","props":{"y":59,"x":64,"skin":"ui/video2.png","scaleY":0.6,"scaleX":0.6,"name":"video","anchorY":0.5,"anchorX":0.5},"compId":286},{"type":"Label","props":{"y":59,"x":120,"valign":"middle","text":"免费","strokeColor":"#000000","stroke":3,"name":"videoText","fontSize":30,"font":"SimHei","color":"#ffffff","anchorY":0.5,"anchorX":0.5,"align":"center"},"compId":287}]},{"type":"Label","props":{"y":360,"x":146,"visible":false,"valign":"middle","text":"满级","strokeColor":"#4a4a4a","stroke":2,"name":"maxLevelText","fontSize":35,"font":"SimHei","color":"#4a4a4a","anchorY":0.5,"anchorX":0.5,"align":"center"},"compId":291}]}]}]}],"loadList":["ui/bg_13.png","ui/bg_14.png","ui/lifeValue.png","ui/btn_yellow_small.png","ui/coin1.png","ui/coinNum.png","ui/video2.png","ui/callSoldier.png","ui/attackSpeed.png","ui/attackRange.png"],"loadList3D":[]}