{"type":"Scene","props":{"width":750,"runtime":"runtime/ImgEffect.ts","name":"Platform","height":1334,"centerY":0,"centerX":0},"compId":2,"child":[{"type":"Script","props":{"top":0,"right":0,"left":0,"bottom":0,"runtime":"laya.ui.Widget"},"compId":119},{"type":"Image","props":{"y":0,"x":0,"width":750,"skin":"ui/bg_1.jpg","height":1334},"compId":127,"child":[{"type":"Script","props":{"y":0,"x":0,"top":0,"right":0,"left":0,"bottom":0,"runtime":"laya.ui.Widget"},"compId":128}]},{"type":"Image","props":{"y":600,"x":375,"width":750,"height":800,"anchorY":0.5,"anchorX":0.5},"compId":121,"child":[{"type":"Script","props":{"right":0,"left":0,"centerY":67,"runtime":"laya.ui.Widget"},"compId":122},{"type":"Image","props":{"y":0,"x":0,"visible":false,"var":"armyNode","name":"armyNode"},"compId":162},{"type":"Image","props":{"y":0,"x":0,"visible":false,"var":"cityNode","name":"cityNode"},"compId":168},{"type":"Image","props":{"visible":false,"var":"gameNode","name":"gameNode"},"compId":140,"child":[{"type":"Image","props":{"y":657,"x":375,"var":"startBtn","skin":"ui/btn_start.png","name":"startBtn","anchorY":0.5,"anchorX":0.5},"compId":123,"child":[{"type":"Image","props":{"y":37,"x":190.5,"skin":"ui/startText.png","anchorY":0.5,"anchorX":0.5},"compId":124},{"type":"Image","props":{"y":103,"x":159,"skin":"ui/ticket1.png","anchorY":0.5,"anchorX":0.5},"compId":125},{"type":"Label","props":{"y":103,"x":203,"text":"x","strokeColor":"#000000","stroke":3,"fontSize":50,"color":"#ffffff","bold":true,"anchorY":0.5,"anchorX":0},"compId":129},{"type":"Label","props":{"y":105,"x":234,"var":"ticketText","text":"5","strokeColor":"#000000","stroke":3,"name":"ticketText","fontSize":50,"color":"#ffffff","bold":true,"anchorY":0.5,"anchorX":0},"compId":126}]},{"type":"List","props":{"y":247,"x":150,"width":450,"var":"list","spaceX":25,"repeatY":1,"repeatX":2,"name":"list","height":450,"anchorY":0.5,"anchorX":0},"compId":171,"child":[{"type":"Box","props":{"y":225,"x":225,"width":450,"renderType":"render","name":"render","height":450,"anchorY":0.5,"anchorX":0.5},"compId":172,"child":[{"type":"Image","props":{"y":225,"x":225,"width":450,"skin":"ui/city_1.png","height":450,"anchorY":0.5,"anchorX":0.5},"compId":173},{"type":"Image","props":{"y":225,"x":225,"width":450,"skin":"ui/city_1.png","height":450,"anchorY":0.5,"anchorX":0.5},"compId":176},{"type":"Image","props":{"y":225,"x":225,"skin":"ui/clock.png","anchorY":0.5,"anchorX":0.5},"compId":177}]},{"type":"HScrollBar","props":{"touchScrollEnable":false,"name":"scrollBar","mouseWheelEnable":false},"compId":174}]},{"type":"Image","props":{"y":267,"x":81,"var":"leftArrowBtn","skin":"ui/arrow2.png","name":"leftArrowBtn","anchorY":0.5,"anchorX":0.5},"compId":178},{"type":"Image","props":{"y":267,"x":673,"var":"rightArrowBtn","skin":"ui/arrow2.png","scaleX":-1,"name":"rightArrowBtn","anchorY":0.5,"anchorX":0.5},"compId":183},{"type":"Image","props":{"y":0,"x":0,"var":"passProgress","name":"passProgress"},"compId":208,"child":[{"type":"Image","props":{"y":460,"x":174,"skin":"ui/icon.png","anchorY":0.5,"anchorX":0.5},"compId":184},{"type":"Label","props":{"y":463,"x":292,"width":166,"valign":"middle","text":"上回防守进度","strokeColor":"#080808","stroke":3,"height":38,"fontSize":30,"font":"SimHei","color":"#ffffff","anchorY":0.5,"anchorX":0.5,"align":"center"},"compId":185},{"type":"Image","props":{"y":466,"x":496,"skin":"ui/load1.png","anchorY":0.5,"anchorX":0.5},"compId":190},{"type":"Image","props":{"y":464,"x":402,"width":189,"var":"progress_b","name":"progress_b","height":35,"anchorY":0.5},"compId":186,"child":[{"type":"Image","props":{"y":19,"x":0,"var":"progress_m","skin":"ui/load1.png","renderType":"mask","name":"progress_m","anchorY":0.5},"compId":187},{"type":"Image","props":{"y":17.5,"x":99,"var":"progress_t","skin":"ui/load2.png","scaleY":0.95,"name":"progress_t","anchorY":0.5,"anchorX":1},"compId":188}]},{"type":"FontClip","props":{"y":464,"x":496,"var":"progressText","value":"0/20","skin":"ui/passNum.png","sheet":"0123456789/","name":"progressText","anchorY":0.5,"anchorX":0.38},"compId":189}]},{"type":"Image","props":{"y":463.5,"x":375,"visible":false,"var":"clockHint","skin":"ui/unclock.png","name":"clockHint","anchorY":0.5,"anchorX":0.5},"compId":207},{"type":"Label","props":{"y":27,"x":375,"var":"cityNameText","valign":"middle","text":"荆州","strokeColor":"#080808","stroke":3,"name":"cityNameText","fontSize":50,"font":"SimHei","color":"#ffffff","anchorY":0.5,"anchorX":0.5,"align":"center"},"compId":194}]},{"type":"Image","props":{"y":0,"x":0,"visible":false,"var":"equipNode","name":"equipNode"},"compId":169}]},{"type":"Image","props":{"y":1334,"x":375,"width":750,"height":300,"anchorY":1,"anchorX":0.5},"compId":130,"child":[{"type":"Script","props":{"right":0,"left":0,"bottom":0,"runtime":"laya.ui.Widget"},"compId":131},{"type":"Image","props":{"y":74,"x":49,"var":"setBtn","skin":"ui/setBtn.png","name":"setBtn","anchorY":0.5,"anchorX":0.5},"compId":132},{"type":"Image","props":{"y":300,"x":375,"width":750,"skin":"ui/bg_8.png","sizeGrid":"15,15,15,15","height":165,"anchorY":1,"anchorX":0.5},"compId":146},{"type":"Image","props":{"y":300,"x":63,"var":"armyBtn","skin":"ui/btn02_n.png","name":"armyBtn","anchorY":1,"anchorX":0.5},"compId":141,"child":[{"type":"Image","props":{"y":175,"x":125,"skin":"ui/line.png","anchorY":1,"anchorX":0.5},"compId":147},{"type":"Image","props":{"y":126.5,"x":62,"skin":"ui/army.png","anchorY":1,"anchorX":0.5},"compId":152},{"type":"Image","props":{"y":169,"x":62.5,"skin":"ui/armyText.png","anchorY":1,"anchorX":0.5},"compId":153}]},{"type":"Image","props":{"y":300,"x":189,"var":"cityBtn","skin":"ui/btn02_n.png","name":"cityBtn","anchorY":1,"anchorX":0.5},"compId":142,"child":[{"type":"Image","props":{"y":175,"x":125,"skin":"ui/line.png","anchorY":1,"anchorX":0.5},"compId":148},{"type":"Image","props":{"y":126,"x":62,"skin":"ui/city.png","anchorY":1,"anchorX":0.5},"compId":154},{"type":"Image","props":{"y":169,"x":62,"skin":"ui/cityText.png","anchorY":1,"anchorX":0.5},"compId":155}]},{"type":"Image","props":{"y":300,"x":564,"var":"equipBtn","skin":"ui/btn02_n.png","name":"equipBtn","anchorY":1,"anchorX":0.5},"compId":144,"child":[{"type":"Image","props":{"y":175,"x":0,"skin":"ui/line.png","anchorY":1,"anchorX":0.5},"compId":150},{"type":"Image","props":{"y":175,"x":125,"skin":"ui/line.png","anchorY":1,"anchorX":0.5},"compId":151},{"type":"Image","props":{"y":126,"x":62,"skin":"ui/equip.png","anchorY":1,"anchorX":0.5},"compId":158},{"type":"Image","props":{"y":169,"x":62,"skin":"ui/equipText.png","anchorY":1,"anchorX":0.5},"compId":159}]},{"type":"Image","props":{"y":300,"x":690,"var":"shopBtn","skin":"ui/btn02_n.png","name":"shopBtn","anchorY":1,"anchorX":0.5},"compId":145,"child":[{"type":"Image","props":{"y":126,"x":62,"skin":"ui/shop.png","anchorY":1,"anchorX":0.5},"compId":156},{"type":"Image","props":{"y":169,"x":62,"skin":"ui/shopText.png","anchorY":1,"anchorX":0.5},"compId":157}]},{"type":"Image","props":{"y":300,"x":376,"var":"gameBtn","skin":"ui/btn01_p.png","name":"gameBtn","anchorY":1,"anchorX":0.5},"compId":143,"child":[{"type":"Image","props":{"y":171,"x":125,"skin":"ui/game.png","anchorY":1,"anchorX":0.5},"compId":160},{"type":"Image","props":{"y":212,"x":125,"skin":"ui/gameText.png","anchorY":1,"anchorX":0.5},"compId":161}]}]}],"loadList":["ui/bg_1.jpg","ui/btn_start.png","ui/startText.png","ui/ticket1.png","ui/city_1.png","ui/clock.png","ui/arrow2.png","ui/icon.png","ui/load1.png","ui/load2.png","ui/passNum.png","ui/unclock.png","ui/setBtn.png","ui/bg_8.png","ui/btn02_n.png","ui/line.png","ui/army.png","ui/armyText.png","ui/city.png","ui/cityText.png","ui/equip.png","ui/equipText.png","ui/shop.png","ui/shopText.png","ui/btn01_p.png","ui/game.png","ui/gameText.png"],"loadList3D":[]}