{"type":"View","props":{"width":750,"height":1334,"centerY":0,"centerX":0},"compId":2,"child":[{"type":"Image","props":{"var":"bg","top":0,"skin":"ui/loadbg.png","right":0,"left":0,"bottom":0},"compId":4},{"type":"Box","props":{"x":200,"var":"boxProgress","right":200,"left":200,"height":41,"bottom":320},"compId":9,"child":[{"type":"Image","props":{"width":350,"top":5,"skin":"ui/load4.png","sizeGrid":"0,0,0,0","right":0,"left":0,"height":27,"bottom":9},"compId":10},{"type":"Image","props":{"y":5,"x":0,"width":178,"var":"imgProgress","skin":"ui/load3.png","sizeGrid":"0,0,0,0","height":27},"compId":11}]},{"type":"Image","props":{"var":"logo","top":300,"skin":"comp/image.png","centerX":0},"compId":12},{"type":"Label","props":{"var":"lbProgress","fontSize":22,"color":"#f9f9f9","centerY":360,"centerX":2},"compId":7}],"loadList":["ui/loadbg.png","ui/load4.png","ui/load3.png","comp/image.png"],"loadList3D":[]}