{"type":"View","props":{"width":750,"runtime":"runtime/ImgEffect.ts","height":1334,"centerY":0,"centerX":0},"compId":2,"child":[{"type":"Image","props":{"var":"bg","top":-33,"right":0,"left":-3,"bottom":0},"compId":6},{"type":"Image","props":{"width":281,"var":"help","skin":"ui/swip21.png","sizeGrid":"0,0,0,0","height":23,"centerY":180,"centerX":0},"compId":32,"child":[{"type":"Image","props":{"y":11.5,"x":239,"width":56,"var":"hand","skin":"ui/swipe2.png","height":71},"compId":33},{"type":"Label","props":{"y":-25,"x":28,"var":"tipts","text":"按住并拖动可以移动","fontSize":25,"font":"Microsoft YaHei","color":"#ffffff","bold":true},"compId":89}]},{"type":"Label","props":{"var":"level","top":157,"text":"2","fontSize":36,"color":"#ffffff","centerX":-1},"compId":54},{"type":"Image","props":{"y":300,"x":729,"width":50,"var":"setting","top":150,"skin":"ui/Settings.png","left":80,"height":50},"compId":118},{"type":"Image","props":{"width":30,"var":"gold","top":150,"skin":"ui/Coin.png","right":71,"height":40},"compId":62},{"type":"Label","props":{"var":"goldNum","top":150,"text":"30","right":110,"fontSize":40,"font":"Arial","color":"#ffffff","bold":true},"compId":65}],"loadList":["ui/swip21.png","ui/swipe2.png","ui/Settings.png","ui/Coin.png"],"loadList3D":[]}