{"type":"View","props":{"width":750,"height":1334,"centerY":0,"centerX":0},"compId":2,"child":[{"type":"Image","props":{"var":"bg","top":-151,"skin":"ui/loadbg.png","right":-200,"left":-194,"bottom":-200,"alpha":0.5},"compId":32,"child":[{"type":"Label","props":{"x":455,"var":"fail","top":400,"text":"你输了","fontSize":80,"color":"#fbfbfb","centerX":0},"compId":50}]},{"type":"Image","props":{"var":"continue","skin":"ui/button-green.png","centerX":0,"bottom":200},"compId":51,"child":[{"type":"Label","props":{"text":"继续","fontSize":40,"color":"#ffffff","centerY":0,"centerX":0},"compId":52}]},{"type":"Label","props":{"text":"您获得了","fontSize":50,"color":"#ffffff","centerY":0,"centerX":0},"compId":53,"child":[{"type":"Label","props":{"var":"goldNum","text":"+500","fontSize":90,"color":"#fdfdfd","centerY":86,"centerX":-52,"bold":true},"compId":54},{"type":"Image","props":{"y":79,"x":167,"width":66,"skin":"ui/Coin.png","height":77},"compId":55}]}],"loadList":["ui/loadbg.png","ui/button-green.png","ui/Coin.png"],"loadList3D":[]}