{"type":"Sprite","props":{"y":0,"x":0,"width":80,"scaleY":0.5,"scaleX":0.5,"pivotY":50,"pivotX":40,"height":100,"name":"arrowPrefab","var":"arrowPrefab","presetID":1,"isPresetRoot":true},"compId":200,"child":[{"type":"FontClip","props":{"y":136,"x":40,"value":"5","skin":"ui/coinNum.png","sheet":"0123456789","scaleY":1.5,"scaleX":1.5,"name":"text","anchorY":0.5,"anchorX":0.5,"presetID":2},"compId":202},{"type":"Sprite","props":{"y":50,"x":40,"width":80,"texture":"ui/arrow.png","pivotY":50,"pivotX":40,"name":"arrow","height":100,"presetID":3},"compId":215}],"loadList":["ui/coinNum.png","ui/arrow.png"],"loadList3D":[]}