{"effect/bg/bg_lizi.json":["effect/bg/bg_lizi/",[]],"effect/cloud/effect_yun.json":["effect/cloud/effect_yun/",[]],"effect/fireworks/effect_yanhua.json":["effect/fireworks/effect_yanhua/",[]],"effect/gameWin/shengli.json":["effect/gameWin/shengli/",[]],"effect/star/effetc_stars.json":["effect/star/effetc_stars/",[]],"res/atlas/role.atlas":["role/",["box.png","box2.png","r1.png","r2.png","r3.png","r4.png"]],"res/atlas/ui.atlas":["ui/",["bg_13.png","bg_14.png","bg_6.png","bg_8.png","btn01_n.png","btn01_p.png","btn02_n.png","btn02_p.png","btn_blue_small.png","btn_blue_small2.png","btn_green.png","btn_hui.png","btn_start.png","btn_yellow_small.png","closeBtn.png","coin1.png","coinBg1.png","coinNum.png","continueText.png","failNum.png","flag2.png","grayBox.png","hotText.png","hotText2.png","light3.png","line.png","line3.png","line4.png","load1.png","load2.png","load3.png","load4.png","load5.png","multipleGetCin.png","passNum.png","pauseBtn.png","pauseText.png","redPoint.png"]]}