{
"skeleton": { "hash": "f6q72JH6iZDX4Z/iLjnGgu44Y+A", "spine": "3.6.53", "width": 471.24, "height": 366.55, "images": "" },
"bones": [
	{ "name": "root" },
	{ "name": "yanhua", "parent": "root", "x": -143.93, "y": 50.17 },
	{ "name": "yanhua2", "parent": "root", "x": 7.73, "y": 191.97 },
	{ "name": "yanhua3", "parent": "root", "x": 140.31, "y": 14.43 }
],
"slots": [
	{ "name": "yannhua", "bone": "yanhua", "color": "ffffff00", "attachment": "yanhua" },
	{ "name": "yannhua2", "bone": "yanhua2", "color": "ffffff00", "attachment": "yanhua" },
	{ "name": "yannhua3", "bone": "yanhua3", "color": "ffffff00", "attachment": "yanhua" }
],
"skins": {
	"default": {
		"yannhua": {
			"yanhua": { "width": 187, "height": 189 }
		},
		"yannhua2": {
			"yanhua": { "width": 187, "height": 189 }
		},
		"yannhua3": {
			"yanhua": { "width": 187, "height": 189 }
		}
	}
},
"animations": {
	"yanhua": {
		"slots": {
			"yannhua": {
				"color": [
					{ "time": 0, "color": "ffffff00" },
					{ "time": 0.0667, "color": "ffffffff", "curve": "stepped" },
					{ "time": 0.3333, "color": "ffffffff" },
					{ "time": 0.6, "color": "ffffff00" }
				]
			},
			"yannhua2": {
				"color": [
					{ "time": 0, "color": "ffffff00", "curve": "stepped" },
					{ "time": 0.2333, "color": "ffffff00" },
					{ "time": 0.3, "color": "ffffffff", "curve": "stepped" },
					{ "time": 0.5667, "color": "ffffffff" },
					{ "time": 0.8333, "color": "ffffff00" }
				]
			},
			"yannhua3": {
				"color": [
					{ "time": 0, "color": "ffffff00", "curve": "stepped" },
					{ "time": 0.1, "color": "ffffff00" },
					{ "time": 0.1667, "color": "ffffffff", "curve": "stepped" },
					{ "time": 0.4333, "color": "ffffffff" },
					{ "time": 0.7, "color": "ffffff00" }
				]
			}
		},
		"bones": {
			"yanhua": {
				"translate": [
					{ "time": 0, "x": 0, "y": 0 },
					{ "time": 0.0667, "x": -72.53, "y": 112.1 }
				],
				"scale": [
					{ "time": 0, "x": 0.2, "y": 0.2, "curve": "stepped" },
					{ "time": 0.0667, "x": 0.2, "y": 0.2 },
					{ "time": 0.1667, "x": 1, "y": 1 },
					{ "time": 0.6, "x": 1.5, "y": 1.5 }
				]
			},
			"yanhua2": {
				"translate": [
					{ "time": 0, "x": 0, "y": 0, "curve": "stepped" },
					{ "time": 0.2333, "x": 0, "y": 0 },
					{ "time": 0.3, "x": 6.55, "y": 112.1 }
				],
				"scale": [
					{ "time": 0, "x": 0.2, "y": 0.2, "curve": "stepped" },
					{ "time": 0.2333, "x": 0.2, "y": 0.2, "curve": "stepped" },
					{ "time": 0.3, "x": 0.2, "y": 0.2 },
					{ "time": 0.4, "x": 1, "y": 1 },
					{ "time": 0.8333, "x": 2, "y": 2 }
				]
			},
			"yanhua3": {
				"translate": [
					{ "time": 0, "x": 0, "y": 0, "curve": "stepped" },
					{ "time": 0.1, "x": 0, "y": 0 },
					{ "time": 0.1667, "x": 83.67, "y": 118.52 }
				],
				"scale": [
					{ "time": 0, "x": 0.2, "y": 0.2, "curve": "stepped" },
					{ "time": 0.1, "x": 0.2, "y": 0.2, "curve": "stepped" },
					{ "time": 0.1667, "x": 0.2, "y": 0.2 },
					{ "time": 0.2667, "x": 1, "y": 1 },
					{ "time": 0.7, "x": 1.5, "y": 1.5 }
				]
			}
		}
	}
}
}