{
"skeleton": { "hash": "HvX53lP754iyM24gFtpSMggGDF8", "spine": "3.6.53", "width": 0, "height": 0, "images": "D:/woke/王者天下/新建文件夹/images" },
"bones": [
	{ "name": "root" },
	{ "name": "huoxing", "parent": "root", "color": "5a0000ff" },
	{ "name": "01", "parent": "huoxing", "length": 20 },
	{ "name": "02", "parent": "huoxing", "length": 20, "rotation": 30 },
	{ "name": "03", "parent": "huoxing", "length": 20, "rotation": 40 },
	{ "name": "04", "parent": "huoxing", "length": 20, "rotation": 50 },
	{ "name": "05", "parent": "huoxing", "length": 20, "rotation": 110 },
	{ "name": "06", "parent": "huoxing", "length": 20, "rotation": 130 },
	{ "name": "07", "parent": "huoxing", "length": 20, "rotation": 170 },
	{ "name": "08", "parent": "huoxing", "length": 20, "rotation": -140 },
	{ "name": "09", "parent": "huoxing", "length": 20, "rotation": -80 },
	{ "name": "10", "parent": "huoxing", "length": 20, "rotation": -30 },
	{ "name": "11", "parent": "huoxing", "length": 20, "rotation": -70 },
	{ "name": "icon", "parent": "root", "x": -2.29, "y": 59.35 },
	{ "name": "shengli jihe", "parent": "root", "x": -375, "y": -906 },
	{ "name": "light1", "parent": "shengli jihe", "x": 375, "y": 906 },
	{ "name": "light2", "parent": "shengli jihe", "x": 375, "y": 906 },
	{ "name": "light   VB", "parent": "root" },
	{ "name": "qizi", "parent": "root", "y": 15.33, "color": "00ff3eff" },
	{ "name": "ring02", "parent": "shengli jihe", "x": 375, "y": 906 },
	{ "name": "shengli", "parent": "shengli jihe", "x": 375, "y": 906, "color": "ffba00ff" },
	{ "name": "shengli2", "parent": "shengli jihe", "x": 375, "y": 906, "color": "ffba0000" },
	{ "name": "xingxing'", "parent": "root", "x": -375, "y": -906, "color": "ffcf00ff" },
	{ "name": "xing", "parent": "xingxing'", "x": 247.84, "y": 1028.3 },
	{ "name": "xing2", "parent": "xingxing'", "x": 469.74, "y": 1003.65 },
	{ "name": "xing3", "parent": "xingxing'", "x": 319.66, "y": 916.81 },
	{ "name": "xing4", "parent": "xingxing'", "x": 440.8, "y": 1077.61 },
	{ "name": "xing5", "parent": "xingxing'", "x": 383.98, "y": 1030.45 },
	{ "name": "xing6", "parent": "xingxing'", "x": 433.29, "y": 897.52 },
	{ "name": "xing7", "parent": "xingxing'", "x": 293.93, "y": 1030.45 },
	{ "name": "xing8", "parent": "xingxing'", "x": 259.63, "y": 909.31 },
	{ "name": "xing9", "parent": "xingxing'", "x": 493.88, "y": 941.32 },
	{ "name": "xing10", "parent": "xingxing'", "x": 328.06, "y": 970.97 }
],
"slots": [
	{ "name": "light", "bone": "light1", "attachment": "light" },
	{ "name": "light   VB", "bone": "light   VB", "color": "ffffff00", "attachment": "light" },
	{ "name": "qizi", "bone": "qizi", "color": "ffffff00", "attachment": "qizi" },
	{ "name": "icon", "bone": "icon", "attachment": "icon" },
	{ "name": "shengli", "bone": "shengli", "attachment": "shengli" },
	{ "name": "shengli2", "bone": "shengli2", "color": "ffffff00", "attachment": "shengli02" },
	{ "name": "light2", "bone": "light2", "color": "ffffff00", "attachment": "light" },
	{ "name": "xing", "bone": "xing", "color": "ffffff00", "attachment": "xing" },
	{ "name": "xing2", "bone": "xing2", "color": "ffffff00", "attachment": "xing" },
	{ "name": "xing3", "bone": "xing3", "color": "ffffff00", "attachment": "xing" },
	{ "name": "xing4", "bone": "xing4", "color": "ffffff00", "attachment": "xing" },
	{ "name": "xing5", "bone": "xing5", "color": "ffffff00", "attachment": "xing" },
	{ "name": "xing6", "bone": "xing6", "color": "ffffff00", "attachment": "xing" },
	{ "name": "xing7", "bone": "xing7", "color": "ffffff00", "attachment": "xing" },
	{ "name": "xing8", "bone": "xing8", "color": "ffffff00", "attachment": "xing" },
	{ "name": "xing9", "bone": "xing9", "color": "ffffff00", "attachment": "xing" },
	{ "name": "xing10", "bone": "xing10", "color": "ffffff00", "attachment": "xing" },
	{ "name": "ring02", "bone": "ring02", "color": "ffffff00", "attachment": "ring02" },
	{ "name": "huoxing", "bone": "01", "attachment": "huoxing" },
	{ "name": "huoxing2", "bone": "02", "attachment": "huoxing" },
	{ "name": "huoxing3", "bone": "03", "attachment": "huoxing" },
	{ "name": "huoxing4", "bone": "04", "attachment": "huoxing" },
	{ "name": "huoxing5", "bone": "05", "attachment": "huoxing" },
	{ "name": "huoxing6", "bone": "06", "attachment": "huoxing" },
	{ "name": "huoxing7", "bone": "07", "attachment": "huoxing" },
	{ "name": "huoxing8", "bone": "08", "attachment": "huoxing" },
	{ "name": "huoxing9", "bone": "09", "attachment": "huoxing" },
	{ "name": "huoxing10", "bone": "11", "attachment": "huoxing" },
	{ "name": "huoxing11", "bone": "10", "attachment": "huoxing" }
],
"skins": {
	"default": {
		"huoxing": {
			"huoxing": { "x": 9.97, "width": 36, "height": 21 }
		},
		"huoxing10": {
			"huoxing": { "x": 9.97, "width": 36, "height": 21 }
		},
		"huoxing11": {
			"huoxing": { "x": 9.97, "scaleX": 0.5, "scaleY": 0.5, "width": 36, "height": 21 }
		},
		"huoxing2": {
			"huoxing": { "x": 9.97, "width": 36, "height": 21 }
		},
		"huoxing3": {
			"huoxing": { "x": 9.97, "scaleX": 0.4, "scaleY": 0.4, "width": 36, "height": 21 }
		},
		"huoxing4": {
			"huoxing": { "x": 9.97, "width": 36, "height": 21 }
		},
		"huoxing5": {
			"huoxing": { "x": 9.97, "width": 36, "height": 21 }
		},
		"huoxing6": {
			"huoxing": { "x": 9.97, "scaleX": 0.7, "scaleY": 0.7, "width": 36, "height": 21 }
		},
		"huoxing7": {
			"huoxing": { "x": 9.97, "width": 36, "height": 21 }
		},
		"huoxing8": {
			"huoxing": { "x": 9.97, "scaleY": 0.6, "width": 36, "height": 21 }
		},
		"huoxing9": {
			"huoxing": { "x": 9.97, "scaleX": 0.7, "scaleY": 0.7, "width": 36, "height": 21 }
		},
		"icon": {
			"icon": { "width": 213, "height": 179 }
		},
		"light": {
			"light": { "width": 425, "height": 429 }
		},
		"light   VB": {
			"light": { "scaleX": 2, "scaleY": 2, "width": 425, "height": 429 }
		},
		"light2": {
			"light": { "width": 425, "height": 429 }
		},
		"qizi": {
			"qizi": { "y": -75.07, "width": 568, "height": 241 }
		},
		"ring02": {
			"ring02": { "width": 183, "height": 184 }
		},
		"shengli": {
			"shengli": { "width": 345, "height": 93 }
		},
		"shengli2": {
			"shengli02": { "width": 345, "height": 93 }
		},
		"xing": {
			"xing": { "width": 81, "height": 82 }
		},
		"xing10": {
			"xing": { "width": 81, "height": 82 }
		},
		"xing2": {
			"xing": { "width": 81, "height": 82 }
		},
		"xing3": {
			"xing": { "width": 81, "height": 82 }
		},
		"xing4": {
			"xing": { "width": 81, "height": 82 }
		},
		"xing5": {
			"xing": { "width": 81, "height": 82 }
		},
		"xing6": {
			"xing": { "width": 81, "height": 82 }
		},
		"xing7": {
			"xing": { "width": 81, "height": 82 }
		},
		"xing8": {
			"xing": { "width": 81, "height": 82 }
		},
		"xing9": {
			"xing": { "width": 81, "height": 82 }
		}
	}
},
"events": {
	"xunhuan": {}
},
"animations": {
	"shengli": {
		"slots": {
			"huoxing": {
				"color": [
					{ "time": 0, "color": "ffffff00", "curve": "stepped" },
					{ "time": 0.2, "color": "ffffff00" },
					{ "time": 0.2667, "color": "ffffffff", "curve": "stepped" },
					{ "time": 0.3667, "color": "ffffffff" },
					{ "time": 0.4333, "color": "ffffff00" }
				]
			},
			"huoxing2": {
				"color": [
					{ "time": 0, "color": "ffffff00", "curve": "stepped" },
					{ "time": 0.2, "color": "ffffff00" },
					{ "time": 0.2667, "color": "ffffffff", "curve": "stepped" },
					{ "time": 0.3667, "color": "ffffffff" },
					{ "time": 0.4333, "color": "ffffff00" }
				]
			},
			"huoxing3": {
				"color": [
					{ "time": 0, "color": "ffffff00", "curve": "stepped" },
					{ "time": 0.2, "color": "ffffff00" },
					{ "time": 0.2667, "color": "ffffffff", "curve": "stepped" },
					{ "time": 0.3667, "color": "ffffffff" },
					{ "time": 0.4333, "color": "ffffff00" }
				]
			},
			"huoxing4": {
				"color": [
					{ "time": 0, "color": "ffffff00", "curve": "stepped" },
					{ "time": 0.2, "color": "ffffff00" },
					{ "time": 0.2667, "color": "ffffffff", "curve": "stepped" },
					{ "time": 0.3667, "color": "ffffffff" },
					{ "time": 0.4333, "color": "ffffff00" }
				]
			},
			"huoxing5": {
				"color": [
					{ "time": 0, "color": "ffffff00", "curve": "stepped" },
					{ "time": 0.2, "color": "ffffff00" },
					{ "time": 0.2667, "color": "ffffffff", "curve": "stepped" },
					{ "time": 0.3667, "color": "ffffffff" },
					{ "time": 0.4333, "color": "ffffff00" }
				]
			},
			"huoxing6": {
				"color": [
					{ "time": 0, "color": "ffffff00", "curve": "stepped" },
					{ "time": 0.2, "color": "ffffff00" },
					{ "time": 0.2667, "color": "ffffffff", "curve": "stepped" },
					{ "time": 0.3667, "color": "ffffffff" },
					{ "time": 0.4333, "color": "ffffff00" }
				]
			},
			"huoxing7": {
				"color": [
					{ "time": 0, "color": "ffffff00", "curve": "stepped" },
					{ "time": 0.2, "color": "ffffff00" },
					{ "time": 0.2667, "color": "ffffffff", "curve": "stepped" },
					{ "time": 0.3667, "color": "ffffffff" },
					{ "time": 0.4333, "color": "ffffff00" }
				]
			},
			"huoxing8": {
				"color": [
					{ "time": 0, "color": "ffffff00", "curve": "stepped" },
					{ "time": 0.2, "color": "ffffff00" },
					{ "time": 0.2667, "color": "ffffffff", "curve": "stepped" },
					{ "time": 0.3667, "color": "ffffffff" },
					{ "time": 0.4333, "color": "ffffff00" }
				]
			},
			"huoxing9": {
				"color": [
					{ "time": 0, "color": "ffffff00", "curve": "stepped" },
					{ "time": 0.2, "color": "ffffff00" },
					{ "time": 0.2667, "color": "ffffffff", "curve": "stepped" },
					{ "time": 0.3667, "color": "ffffffff" },
					{ "time": 0.4333, "color": "ffffff00" }
				]
			},
			"huoxing10": {
				"color": [
					{ "time": 0, "color": "ffffff00", "curve": "stepped" },
					{ "time": 0.2, "color": "ffffff00" },
					{ "time": 0.2667, "color": "ffffffff", "curve": "stepped" },
					{ "time": 0.3667, "color": "ffffffff" },
					{ "time": 0.4333, "color": "ffffff00" }
				]
			},
			"huoxing11": {
				"color": [
					{ "time": 0, "color": "ffffff00", "curve": "stepped" },
					{ "time": 0.2, "color": "ffffff00" },
					{ "time": 0.2667, "color": "ffffffff", "curve": "stepped" },
					{ "time": 0.3667, "color": "ffffffff" },
					{ "time": 0.4333, "color": "ffffff00" }
				]
			},
			"icon": {
				"color": [
					{ "time": 0, "color": "ffffff00", "curve": "stepped" },
					{ "time": 0.1667, "color": "ffffff00" },
					{ "time": 0.2, "color": "ffffffff", "curve": "stepped" },
					{ "time": 0.5, "color": "ffffffff" }
				]
			},
			"light": {
				"color": [
					{ "time": 0, "color": "ffffff00" },
					{ "time": 0.0333, "color": "ffffffff" },
					{ "time": 0.1333, "color": "ffffff00", "curve": "stepped" },
					{ "time": 0.5, "color": "ffffff00" }
				]
			},
			"light2": {
				"color": [
					{ "time": 0, "color": "ffffff00", "curve": "stepped" },
					{ "time": 0.1, "color": "ffffff00" },
					{ "time": 0.1667, "color": "ffffffff", "curve": "stepped" },
					{ "time": 0.2333, "color": "ffffffff" },
					{ "time": 0.3333, "color": "ffffff00", "curve": "stepped" },
					{ "time": 0.5, "color": "ffffff00" }
				]
			},
			"light   VB": {
				"color": [
					{ "time": 0, "color": "ffffff00", "curve": "stepped" },
					{ "time": 0.3333, "color": "ffffff00" },
					{ "time": 0.5, "color": "ffffffff" },
					{ "time": 1.1667, "color": "ffffff80" },
					{ "time": 1.8333, "color": "ffffffff" },
					{ "time": 2.5, "color": "ffffff80" },
					{ "time": 3.3333, "color": "ffffffff" }
				]
			},
			"qizi": {
				"color": [
					{ "time": 0, "color": "ffffff00", "curve": "stepped" },
					{ "time": 0.2, "color": "ffffff00" },
					{ "time": 0.2333, "color": "ffffffff", "curve": "stepped" },
					{ "time": 0.5, "color": "ffffffff" }
				]
			},
			"ring02": {
				"color": [
					{ "time": 0, "color": "ffffff00", "curve": "stepped" },
					{ "time": 0.1667, "color": "ffffff00" },
					{ "time": 0.2333, "color": "ffffff83", "curve": "stepped" },
					{ "time": 0.3, "color": "ffffff83" },
					{ "time": 0.3667, "color": "ffffff00", "curve": "stepped" },
					{ "time": 0.5, "color": "ffffff00" }
				]
			},
			"shengli": {
				"color": [
					{ "time": 0, "color": "ffffff00" },
					{ "time": 0.3333, "color": "ffffffff", "curve": "stepped" },
					{ "time": 0.5, "color": "ffffffff" }
				]
			},
			"shengli2": {
				"color": [
					{ "time": 0, "color": "ffffff00", "curve": "stepped" },
					{ "time": 0.5, "color": "ffffff00" },
					{ "time": 1.1667, "color": "ffffffff" },
					{ "time": 1.8333, "color": "ffffff00" },
					{ "time": 2.5, "color": "ffffffff" },
					{ "time": 3.1667, "color": "ffffff00" }
				]
			},
			"xing": {
				"color": [
					{ "time": 0, "color": "ffffff00", "curve": "stepped" },
					{ "time": 0.5, "color": "ffffff00" },
					{ "time": 1, "color": "ffffffff" },
					{ "time": 1.5, "color": "ffffff00" }
				]
			},
			"xing2": {
				"color": [
					{ "time": 0, "color": "ffffff00", "curve": "stepped" },
					{ "time": 0.8333, "color": "ffffff00" },
					{ "time": 1.3333, "color": "ffffffff" },
					{ "time": 1.8333, "color": "ffffff00" }
				]
			},
			"xing3": {
				"color": [
					{ "time": 0, "color": "ffffff00", "curve": "stepped" },
					{ "time": 0.5, "color": "ffffff00" },
					{ "time": 1, "color": "ffffffff" },
					{ "time": 1.5, "color": "ffffff00" }
				]
			},
			"xing4": {
				"color": [
					{ "time": 0, "color": "ffffff00", "curve": "stepped" },
					{ "time": 0.5, "color": "ffffff00" },
					{ "time": 1, "color": "ffffffff" },
					{ "time": 1.5, "color": "ffffff00" }
				]
			},
			"xing5": {
				"color": [
					{ "time": 0, "color": "ffffff00", "curve": "stepped" },
					{ "time": 1.3333, "color": "ffffff00" },
					{ "time": 1.8333, "color": "ffffffff" },
					{ "time": 2.3333, "color": "ffffff00" }
				]
			},
			"xing6": {
				"color": [
					{ "time": 0, "color": "ffffff00", "curve": "stepped" },
					{ "time": 1.6667, "color": "ffffff00" },
					{ "time": 2.1667, "color": "ffffffff" },
					{ "time": 2.6667, "color": "ffffff00" }
				]
			},
			"xing7": {
				"color": [
					{ "time": 0, "color": "ffffff00", "curve": "stepped" },
					{ "time": 1.6667, "color": "ffffff00" },
					{ "time": 2.1667, "color": "ffffffff" },
					{ "time": 2.6667, "color": "ffffff00" }
				]
			},
			"xing8": {
				"color": [
					{ "time": 0, "color": "ffffff00", "curve": "stepped" },
					{ "time": 2, "color": "ffffff00" },
					{ "time": 2.5, "color": "ffffffff" },
					{ "time": 3, "color": "ffffff00" }
				]
			},
			"xing9": {
				"color": [
					{ "time": 0, "color": "ffffff00", "curve": "stepped" },
					{ "time": 2.3333, "color": "ffffff00" },
					{ "time": 2.8333, "color": "ffffffff" },
					{ "time": 3.3333, "color": "ffffff00" }
				]
			},
			"xing10": {
				"color": [
					{ "time": 0, "color": "ffffff00", "curve": "stepped" },
					{ "time": 2.1667, "color": "ffffff00" },
					{ "time": 2.6667, "color": "ffffffff" },
					{ "time": 3.1667, "color": "ffffff00" }
				]
			}
		},
		"bones": {
			"01": {
				"translate": [
					{ "time": 0, "x": 0, "y": 0, "curve": "stepped" },
					{ "time": 0.2, "x": 0, "y": 0 },
					{ "time": 0.4333, "x": 216.83, "y": 0 }
				]
			},
			"02": {
				"translate": [
					{ "time": 0, "x": 0, "y": 0, "curve": "stepped" },
					{ "time": 0.2, "x": 0, "y": 0 },
					{ "time": 0.4333, "x": 187.78, "y": 108.42 }
				]
			},
			"03": {
				"translate": [
					{ "time": 0, "x": 0, "y": 0, "curve": "stepped" },
					{ "time": 0.2, "x": 0, "y": 0 },
					{ "time": 0.4333, "x": 166.1, "y": 139.38 }
				]
			},
			"04": {
				"translate": [
					{ "time": 0, "x": 0, "y": 0, "curve": "stepped" },
					{ "time": 0.2, "x": 0, "y": 0 },
					{ "time": 0.4333, "x": 139.38, "y": 166.1 }
				]
			},
			"05": {
				"translate": [
					{ "time": 0, "x": 0, "y": 0, "curve": "stepped" },
					{ "time": 0.2, "x": 0, "y": 0 },
					{ "time": 0.4333, "x": -74.16, "y": 203.76 }
				]
			},
			"06": {
				"translate": [
					{ "time": 0, "x": 0, "y": 0, "curve": "stepped" },
					{ "time": 0.2, "x": 0, "y": 0 },
					{ "time": 0.4333, "x": -139.38, "y": 166.1 }
				]
			},
			"07": {
				"translate": [
					{ "time": 0, "x": 0, "y": 0, "curve": "stepped" },
					{ "time": 0.2, "x": 0, "y": 0 },
					{ "time": 0.4333, "x": -213.54, "y": 37.65 }
				]
			},
			"08": {
				"translate": [
					{ "time": 0, "x": 0, "y": 0, "curve": "stepped" },
					{ "time": 0.2, "x": 0, "y": 0 },
					{ "time": 0.4333, "x": -166.1, "y": -139.38 }
				]
			},
			"09": {
				"translate": [
					{ "time": 0, "x": 0, "y": 0, "curve": "stepped" },
					{ "time": 0.2, "x": 0, "y": 0 },
					{ "time": 0.4333, "x": 37.65, "y": -213.54 }
				]
			},
			"11": {
				"translate": [
					{ "time": 0, "x": 0, "y": 0, "curve": "stepped" },
					{ "time": 0.2, "x": 0, "y": 0 },
					{ "time": 0.4333, "x": 74.16, "y": -203.76 }
				]
			},
			"10": {
				"translate": [
					{ "time": 0, "x": 0, "y": 0, "curve": "stepped" },
					{ "time": 0.2, "x": 0, "y": 0 },
					{ "time": 0.4333, "x": 187.78, "y": -108.42 }
				]
			},
			"icon": {
				"translate": [
					{ "time": 0, "x": 0, "y": 0, "curve": "stepped" },
					{ "time": 0.5, "x": 0, "y": 0 },
					{ "time": 1.1667, "x": 0, "y": -5.57 },
					{ "time": 2, "x": 0, "y": 0 },
					{ "time": 2.6667, "x": 0, "y": -5.57 },
					{ "time": 3.3333, "x": 0, "y": 0 }
				],
				"scale": [
					{ "time": 0, "x": 0.5, "y": 0.5, "curve": "stepped" },
					{ "time": 0.2, "x": 0.5, "y": 0.5 },
					{ "time": 0.3333, "x": 1, "y": 1, "curve": "stepped" },
					{ "time": 0.5, "x": 1, "y": 1 }
				]
			},
			"light1": {
				"scale": [
					{ "time": 0, "x": 0.6, "y": 0.6, "curve": "stepped" },
					{ "time": 0.0333, "x": 0.6, "y": 0.6 },
					{ "time": 0.1333, "x": 3, "y": 3, "curve": "stepped" },
					{ "time": 0.5, "x": 3, "y": 3 }
				]
			},
			"light2": {
				"scale": [
					{ "time": 0, "x": 0.5, "y": 0.5, "curve": "stepped" },
					{ "time": 0.1, "x": 0.5, "y": 0.5 },
					{ "time": 0.3333, "x": 1.2, "y": 1.2, "curve": "stepped" },
					{ "time": 0.5, "x": 1.2, "y": 1.2 }
				]
			},
			"qizi": {
				"scale": [
					{ "time": 0, "x": 0.5, "y": 0.5, "curve": "stepped" },
					{ "time": 0.2, "x": 0.5, "y": 0.5 },
					{ "time": 0.3, "x": 1.2, "y": 1 },
					{ "time": 0.3333, "x": 1, "y": 1, "curve": "stepped" },
					{ "time": 0.5, "x": 1, "y": 1 }
				]
			},
			"ring02": {
				"scale": [
					{ "time": 0, "x": 1, "y": 1, "curve": "stepped" },
					{ "time": 0.1667, "x": 1, "y": 1 },
					{ "time": 0.3667, "x": 4, "y": 4, "curve": "stepped" },
					{ "time": 0.5, "x": 4, "y": 4 }
				]
			},
			"shengli": {
				"scale": [
					{ "time": 0, "x": 3, "y": 3 },
					{ "time": 0.1667, "x": 0.8, "y": 0.8 },
					{ "time": 0.2667, "x": 1.1, "y": 1.1 },
					{ "time": 0.3333, "x": 1, "y": 1, "curve": "stepped" },
					{ "time": 0.5, "x": 1, "y": 1 }
				]
			},
			"xing": {
				"scale": [
					{ "time": 0, "x": 0.5, "y": 0.5, "curve": "stepped" },
					{ "time": 0.5, "x": 0.5, "y": 0.5 },
					{ "time": 1.5, "x": 1, "y": 1 }
				]
			},
			"xing2": {
				"scale": [
					{ "time": 0, "x": 0.5, "y": 0.5, "curve": "stepped" },
					{ "time": 0.8333, "x": 0.5, "y": 0.5 },
					{ "time": 1.8333, "x": 1, "y": 1 }
				]
			},
			"xing3": {
				"scale": [
					{ "time": 0, "x": 0.5, "y": 0.5, "curve": "stepped" },
					{ "time": 0.5, "x": 0.5, "y": 0.5 },
					{ "time": 1.5, "x": 1, "y": 1 }
				]
			},
			"xing4": {
				"scale": [
					{ "time": 0, "x": 0.5, "y": 0.5, "curve": "stepped" },
					{ "time": 0.5, "x": 0.5, "y": 0.5 },
					{ "time": 1.5, "x": 1, "y": 1 }
				]
			},
			"xing5": {
				"scale": [
					{ "time": 0, "x": 0.5, "y": 0.5, "curve": "stepped" },
					{ "time": 1.3333, "x": 0.5, "y": 0.5 },
					{ "time": 2.3333, "x": 1, "y": 1 }
				]
			},
			"xing6": {
				"scale": [
					{ "time": 0, "x": 0.5, "y": 0.5, "curve": "stepped" },
					{ "time": 1.6667, "x": 0.5, "y": 0.5 },
					{ "time": 2.6667, "x": 1, "y": 1 }
				]
			},
			"xing7": {
				"scale": [
					{ "time": 0, "x": 0.5, "y": 0.5, "curve": "stepped" },
					{ "time": 1.6667, "x": 0.5, "y": 0.5 },
					{ "time": 2.6667, "x": 1, "y": 1 }
				]
			},
			"xing8": {
				"scale": [
					{ "time": 0, "x": 0.5, "y": 0.5, "curve": "stepped" },
					{ "time": 2, "x": 0.5, "y": 0.5 },
					{ "time": 3, "x": 1, "y": 1 }
				]
			},
			"xing9": {
				"scale": [
					{ "time": 0, "x": 0.5, "y": 0.5, "curve": "stepped" },
					{ "time": 2.3333, "x": 0.5, "y": 0.5 },
					{ "time": 3.3333, "x": 1, "y": 1 }
				]
			},
			"xing10": {
				"scale": [
					{ "time": 0, "x": 0.5, "y": 0.5, "curve": "stepped" },
					{ "time": 2.1667, "x": 0.5, "y": 0.5 },
					{ "time": 3.1667, "x": 1, "y": 1 }
				]
			}
		},
		"events": [
			{ "time": 0.5, "name": "xunhuan" }
		]
	}
}
}