{
"skeleton": { "hash": "FkXZyqQvJ/qnXMnpGbhU0x2dYxc", "spine": "3.6.53", "width": 248.37, "height": 200.67, "images": "../" },
"bones": [
	{ "name": "root" },
	{ "name": "aaa", "parent": "root" },
	{ "name": "light02", "parent": "aaa", "x": -97.4, "y": -44.21 },
	{ "name": "light2", "parent": "aaa", "x": 26.29, "y": -9.09 },
	{ "name": "light3", "parent": "aaa", "x": -23.59, "y": 22.47 },
	{ "name": "light4", "parent": "aaa", "x": -36.83, "y": -21.31 },
	{ "name": "light5", "parent": "aaa", "x": 73.97, "y": -3.68 },
	{ "name": "light6", "parent": "aaa", "x": 52.25, "y": -57.45 },
	{ "name": "light7", "parent": "aaa", "x": 58.86, "y": 65.22 },
	{ "name": "light8", "parent": "aaa", "x": -67.92, "y": 5.56 },
	{ "name": "light9", "parent": "aaa", "x": -10.29, "y": -24.95 },
	{ "name": "light10", "parent": "aaa", "x": 71.75, "y": -41.22 }
],
"slots": [
	{ "name": "light02", "bone": "light02", "color": "ffffff00", "attachment": "light02" },
	{ "name": "light2", "bone": "light2", "color": "ffffff00", "attachment": "light02" },
	{ "name": "light3", "bone": "light3", "color": "ffffff00", "attachment": "light02" },
	{ "name": "light4", "bone": "light4", "color": "ffffff00", "attachment": "light02" },
	{ "name": "light5", "bone": "light5", "color": "ffffff00", "attachment": "light02" },
	{ "name": "light6", "bone": "light6", "color": "ffffff00", "attachment": "light02" },
	{ "name": "light7", "bone": "light7", "color": "ffffff00", "attachment": "light02" },
	{ "name": "light8", "bone": "light8", "color": "ffffff00", "attachment": "light02" },
	{ "name": "light9", "bone": "light9", "color": "ffffff00", "attachment": "light02" },
	{ "name": "light10", "bone": "light10", "color": "ffffff00", "attachment": "light02" }
],
"skins": {
	"default": {
		"light02": {
			"light02": { "x": 0.5, "width": 77, "height": 78 }
		},
		"light10": {
			"light02": { "x": 0.5, "width": 77, "height": 78 }
		},
		"light2": {
			"light02": { "x": 0.5, "width": 77, "height": 78 }
		},
		"light3": {
			"light02": { "x": 0.5, "width": 77, "height": 78 }
		},
		"light4": {
			"light02": { "x": 0.5, "width": 77, "height": 78 }
		},
		"light5": {
			"light02": { "x": 0.5, "width": 77, "height": 78 }
		},
		"light6": {
			"light02": { "x": 0.5, "width": 77, "height": 78 }
		},
		"light7": {
			"light02": { "x": 0.5, "width": 77, "height": 78 }
		},
		"light8": {
			"light02": { "x": 0.5, "width": 77, "height": 78 }
		},
		"light9": {
			"light02": { "x": 0.5, "width": 77, "height": 78 }
		}
	}
},
"animations": {
	"stars": {
		"slots": {
			"light02": {
				"color": [
					{ "time": 0, "color": "ffffff00" },
					{ "time": 0.5, "color": "ffffffff" },
					{ "time": 1, "color": "ffffff00" }
				]
			},
			"light2": {
				"color": [
					{ "time": 0, "color": "ffffff00", "curve": "stepped" },
					{ "time": 0.3333, "color": "ffffff00" },
					{ "time": 0.8333, "color": "ffffffff" },
					{ "time": 1.3333, "color": "ffffff00" }
				]
			},
			"light3": {
				"color": [
					{ "time": 0, "color": "ffffff00", "curve": "stepped" },
					{ "time": 2, "color": "ffffff00" },
					{ "time": 2.5, "color": "ffffffff" },
					{ "time": 3, "color": "ffffff00" }
				]
			},
			"light4": {
				"color": [
					{ "time": 0, "color": "ffffff00", "curve": "stepped" },
					{ "time": 1.6667, "color": "ffffff00" },
					{ "time": 2.1667, "color": "ffffffff" },
					{ "time": 2.6667, "color": "ffffff00" }
				]
			},
			"light5": {
				"color": [
					{ "time": 0, "color": "ffffff00", "curve": "stepped" },
					{ "time": 1.1667, "color": "ffffff00" },
					{ "time": 1.6667, "color": "ffffffff" },
					{ "time": 2.1667, "color": "ffffff00" }
				]
			},
			"light6": {
				"color": [
					{ "time": 0, "color": "ffffff00", "curve": "stepped" },
					{ "time": 0.6667, "color": "ffffff00" },
					{ "time": 1.1667, "color": "ffffffff" },
					{ "time": 1.6667, "color": "ffffff00" }
				]
			},
			"light7": {
				"color": [
					{ "time": 0, "color": "ffffff00", "curve": "stepped" },
					{ "time": 0.3333, "color": "ffffff00" },
					{ "time": 0.8333, "color": "ffffffff" },
					{ "time": 1.3333, "color": "ffffff00" }
				]
			},
			"light8": {
				"color": [
					{ "time": 0, "color": "ffffff00", "curve": "stepped" },
					{ "time": 3, "color": "ffffff00" },
					{ "time": 3.5, "color": "ffffffff" },
					{ "time": 4, "color": "ffffff00" }
				]
			},
			"light9": {
				"color": [
					{ "time": 0, "color": "ffffff00", "curve": "stepped" },
					{ "time": 2.6667, "color": "ffffff00" },
					{ "time": 3.1667, "color": "ffffffff" },
					{ "time": 3.6667, "color": "ffffff00" }
				]
			},
			"light10": {
				"color": [
					{ "time": 0, "color": "ffffff00", "curve": "stepped" },
					{ "time": 2.6667, "color": "ffffff00" },
					{ "time": 3.1667, "color": "ffffffff" },
					{ "time": 3.6667, "color": "ffffff00" }
				]
			}
		},
		"bones": {
			"light02": {
				"rotate": [
					{ "time": 0, "angle": 0 },
					{ "time": 1, "angle": 60 }
				],
				"scale": [
					{ "time": 0, "x": 0.5, "y": 0.5 },
					{ "time": 1, "x": 1, "y": 1 }
				]
			},
			"light2": {
				"rotate": [
					{ "time": 0, "angle": 0, "curve": "stepped" },
					{ "time": 0.3333, "angle": 0 },
					{ "time": 1.3333, "angle": 60 }
				],
				"scale": [
					{ "time": 0, "x": 0.5, "y": 0.5, "curve": "stepped" },
					{ "time": 0.3333, "x": 0.5, "y": 0.5 },
					{ "time": 1.3333, "x": 1, "y": 1 }
				]
			},
			"light3": {
				"rotate": [
					{ "time": 0, "angle": 0, "curve": "stepped" },
					{ "time": 2, "angle": 0 },
					{ "time": 3, "angle": 60 }
				],
				"scale": [
					{ "time": 0, "x": 0.5, "y": 0.5, "curve": "stepped" },
					{ "time": 2, "x": 0.5, "y": 0.5 },
					{ "time": 3, "x": 1, "y": 1 }
				]
			},
			"light4": {
				"rotate": [
					{ "time": 0, "angle": 0, "curve": "stepped" },
					{ "time": 1.6667, "angle": 0 },
					{ "time": 2.6667, "angle": 60 }
				],
				"scale": [
					{ "time": 0, "x": 0.5, "y": 0.5, "curve": "stepped" },
					{ "time": 1.6667, "x": 0.5, "y": 0.5 },
					{ "time": 2.6667, "x": 1, "y": 1 }
				]
			},
			"light5": {
				"rotate": [
					{ "time": 0, "angle": 0, "curve": "stepped" },
					{ "time": 1.1667, "angle": 0 },
					{ "time": 2.1667, "angle": 60 }
				],
				"scale": [
					{ "time": 0, "x": 0.5, "y": 0.5, "curve": "stepped" },
					{ "time": 1.1667, "x": 0.5, "y": 0.5 },
					{ "time": 2.1667, "x": 1, "y": 1 }
				]
			},
			"light6": {
				"rotate": [
					{ "time": 0, "angle": 0, "curve": "stepped" },
					{ "time": 0.6667, "angle": 0 },
					{ "time": 1.6667, "angle": 60 }
				],
				"scale": [
					{ "time": 0, "x": 0.5, "y": 0.5, "curve": "stepped" },
					{ "time": 0.6667, "x": 0.5, "y": 0.5 },
					{ "time": 1.6667, "x": 1, "y": 1 }
				]
			},
			"light7": {
				"rotate": [
					{ "time": 0, "angle": 0, "curve": "stepped" },
					{ "time": 0.3333, "angle": 0 },
					{ "time": 1.3333, "angle": 60 }
				],
				"scale": [
					{ "time": 0, "x": 0.5, "y": 0.5, "curve": "stepped" },
					{ "time": 0.3333, "x": 0.5, "y": 0.5 },
					{ "time": 1.3333, "x": 1, "y": 1 }
				]
			},
			"light8": {
				"rotate": [
					{ "time": 0, "angle": 0, "curve": "stepped" },
					{ "time": 3, "angle": 0 },
					{ "time": 4, "angle": 60 }
				],
				"scale": [
					{ "time": 0, "x": 0.5, "y": 0.5, "curve": "stepped" },
					{ "time": 3, "x": 0.5, "y": 0.5 },
					{ "time": 4, "x": 1, "y": 1 }
				]
			},
			"light9": {
				"rotate": [
					{ "time": 0, "angle": 0, "curve": "stepped" },
					{ "time": 2.6667, "angle": 0 },
					{ "time": 3.6667, "angle": 60 }
				],
				"scale": [
					{ "time": 0, "x": 0.5, "y": 0.5, "curve": "stepped" },
					{ "time": 2.6667, "x": 0.5, "y": 0.5 },
					{ "time": 3.6667, "x": 1, "y": 1 }
				]
			},
			"light10": {
				"rotate": [
					{ "time": 0, "angle": 0, "curve": "stepped" },
					{ "time": 2.6667, "angle": 0 },
					{ "time": 3.6667, "angle": 60 }
				],
				"scale": [
					{ "time": 0, "x": 0.5, "y": 0.5, "curve": "stepped" },
					{ "time": 2.6667, "x": 0.5, "y": 0.5 },
					{ "time": 3.6667, "x": 1, "y": 1 }
				]
			}
		}
	}
}
}