{
"skeleton": { "hash": "n1xqkZq+YnAG70h34HpfF+rN91s", "spine": "3.6.53", "width": 617.22, "height": 1089.81, "images": "" },
"bones": [
	{ "name": "root" },
	{ "name": "lizi", "parent": "root" },
	{ "name": "dian", "parent": "lizi", "x": -208.37, "y": -567.32 },
	{ "name": "dian2", "parent": "lizi", "x": 110.25, "y": -398.17 },
	{ "name": "dian3", "parent": "lizi", "x": 173.74, "y": 383.27 },
	{ "name": "dian4", "parent": "lizi", "x": 155.49, "y": -354.87 },
	{ "name": "dian5", "parent": "lizi", "x": -306.05, "y": -306.03 },
	{ "name": "dian6", "parent": "lizi", "x": -296.28, "y": 282.49 },
	{ "name": "dian7", "parent": "lizi", "x": 22.34, "y": -273.63 },
	{ "name": "dian8", "parent": "lizi", "x": -143.72, "y": 490.72 },
	{ "name": "dian9", "parent": "lizi", "x": 303.17, "y": -591.09 },
	{ "name": "dian10", "parent": "lizi", "x": 294.68, "y": 299.59 },
	{ "name": "dian11", "parent": "lizi", "x": -208.37, "y": -156.33 },
	{ "name": "dian12", "parent": "lizi", "x": 231.78, "y": -126.59 },
	{ "name": "dian13", "parent": "lizi", "x": 145.32, "y": 61.97 },
	{ "name": "dian14", "parent": "lizi", "x": -223.54, "y": 111.76 }
],
"slots": [
	{ "name": "dian", "bone": "dian", "color": "ffffff00", "attachment": "dian", "blend": "additive" },
	{ "name": "dian11", "bone": "dian11", "color": "ffffff00", "attachment": "dian" },
	{ "name": "dian12", "bone": "dian12", "color": "ffffff00", "attachment": "dian" },
	{ "name": "dian10", "bone": "dian10", "color": "ffffff00", "attachment": "dian" },
	{ "name": "dian13", "bone": "dian13", "color": "ffffff00", "attachment": "dian" },
	{ "name": "dian14", "bone": "dian14", "color": "ffffff00", "attachment": "dian" },
	{ "name": "dian4", "bone": "dian4", "color": "ffffff00", "attachment": "dian" },
	{ "name": "dian5", "bone": "dian5", "color": "ffffff00", "attachment": "dian" },
	{ "name": "dian6", "bone": "dian6", "color": "ffffff00", "attachment": "dian" },
	{ "name": "dian2", "bone": "dian2", "color": "ffffff00", "attachment": "dian", "blend": "additive" },
	{ "name": "dian7", "bone": "dian7", "color": "ffffff00", "attachment": "dian" },
	{ "name": "dian8", "bone": "dian8", "color": "ffffff00", "attachment": "dian" },
	{ "name": "dian9", "bone": "dian9", "color": "ffffff00", "attachment": "dian" },
	{ "name": "dian3", "bone": "dian3", "color": "ffffff00", "attachment": "dian" }
],
"skins": {
	"default": {
		"dian": {
			"dian": { "color": "ffffff57", "width": 8, "height": 8 }
		},
		"dian10": {
			"dian": { "color": "ffffff57", "width": 8, "height": 8 }
		},
		"dian11": {
			"dian": { "color": "ffffff57", "width": 8, "height": 8 }
		},
		"dian12": {
			"dian": { "color": "ffffff57", "width": 8, "height": 8 }
		},
		"dian13": {
			"dian": { "color": "ffffff57", "width": 8, "height": 8 }
		},
		"dian14": {
			"dian": { "color": "ffffff57", "width": 8, "height": 8 }
		},
		"dian2": {
			"dian": { "color": "ffffff57", "width": 8, "height": 8 }
		},
		"dian3": {
			"dian": { "color": "ffffff57", "width": 8, "height": 8 }
		},
		"dian4": {
			"dian": { "color": "ffffff57", "width": 8, "height": 8 }
		},
		"dian5": {
			"dian": { "color": "ffffff57", "width": 8, "height": 8 }
		},
		"dian6": {
			"dian": { "color": "ffffff57", "width": 8, "height": 8 }
		},
		"dian7": {
			"dian": { "color": "ffffff57", "width": 8, "height": 8 }
		},
		"dian8": {
			"dian": { "color": "ffffff57", "width": 8, "height": 8 }
		},
		"dian9": {
			"dian": { "color": "ffffff57", "width": 8, "height": 8 }
		}
	}
},
"animations": {
	"lizi": {
		"slots": {
			"dian": {
				"color": [
					{ "time": 0, "color": "ffffff00" },
					{ "time": 0.3333, "color": "ffffffff", "curve": "stepped" },
					{ "time": 0.5, "color": "ffffffff" },
					{ "time": 1, "color": "ffffff00", "curve": "stepped" },
					{ "time": 1.3333, "color": "ffffff00" },
					{ "time": 1.5, "color": "ffffffff", "curve": "stepped" },
					{ "time": 1.8333, "color": "ffffffff" },
					{ "time": 2.3333, "color": "ffffff00", "curve": "stepped" },
					{ "time": 2.5, "color": "ffffff00" }
				]
			},
			"dian2": {
				"color": [
					{ "time": 0, "color": "ffffff00", "curve": "stepped" },
					{ "time": 0.3333, "color": "ffffff00" },
					{ "time": 0.5, "color": "ffffffff" },
					{ "time": 1, "color": "ffffff00" },
					{ "time": 1.5, "color": "ffffffff" },
					{ "time": 2, "color": "ffffff00" }
				]
			},
			"dian3": {
				"color": [
					{ "time": 0, "color": "ffffff00", "curve": "stepped" },
					{ "time": 0.3333, "color": "ffffff00" },
					{ "time": 0.5, "color": "ffffffff" },
					{ "time": 1, "color": "ffffff00" },
					{ "time": 1.5, "color": "ffffffff" },
					{ "time": 2, "color": "ffffff00" }
				]
			},
			"dian4": {
				"color": [
					{ "time": 0, "color": "ffffff00" },
					{ "time": 0.1667, "color": "ffffffff" },
					{ "time": 1.6667, "color": "ffffff00" }
				]
			},
			"dian5": {
				"color": [
					{ "time": 0, "color": "ffffff00" },
					{ "time": 0.1667, "color": "ffffffff" },
					{ "time": 1.6667, "color": "ffffff00" }
				]
			},
			"dian6": {
				"color": [
					{ "time": 0, "color": "ffffff00", "curve": "stepped" },
					{ "time": 0.6667, "color": "ffffff00" },
					{ "time": 0.8333, "color": "ffffffff" },
					{ "time": 2.3333, "color": "ffffff00" }
				]
			},
			"dian7": {
				"color": [
					{ "time": 0, "color": "ffffff00", "curve": "stepped" },
					{ "time": 0.6667, "color": "ffffff00" },
					{ "time": 0.8333, "color": "ffffffff" },
					{ "time": 1.3333, "color": "ffffff00" },
					{ "time": 1.8333, "color": "ffffffff" },
					{ "time": 2.3333, "color": "ffffff00" }
				]
			},
			"dian8": {
				"color": [
					{ "time": 0, "color": "ffffff00", "curve": "stepped" },
					{ "time": 0.6667, "color": "ffffff00" },
					{ "time": 0.8333, "color": "ffffffff" },
					{ "time": 1.3333, "color": "ffffff00" },
					{ "time": 1.8333, "color": "ffffffff" },
					{ "time": 2.3333, "color": "ffffff00" }
				]
			},
			"dian9": {
				"color": [
					{ "time": 0, "color": "ffffff00", "curve": "stepped" },
					{ "time": 0.6667, "color": "ffffff00" },
					{ "time": 0.8333, "color": "ffffffff" },
					{ "time": 1.3333, "color": "ffffff00" },
					{ "time": 1.8333, "color": "ffffffff" },
					{ "time": 2.3333, "color": "ffffff00" }
				]
			},
			"dian10": {
				"color": [
					{ "time": 0, "color": "ffffff00" },
					{ "time": 0.1667, "color": "ffffffff" },
					{ "time": 0.6667, "color": "ffffff00" },
					{ "time": 1.1667, "color": "ffffffff" },
					{ "time": 1.6667, "color": "ffffff00" }
				]
			},
			"dian11": {
				"color": [
					{ "time": 0, "color": "ffffff00" },
					{ "time": 0.1667, "color": "ffffffff" },
					{ "time": 0.6667, "color": "ffffff00" },
					{ "time": 1.1667, "color": "ffffffff" },
					{ "time": 1.6667, "color": "ffffff00" }
				]
			},
			"dian12": {
				"color": [
					{ "time": 0, "color": "ffffff00" },
					{ "time": 0.1667, "color": "ffffffff" },
					{ "time": 0.6667, "color": "ffffff00" },
					{ "time": 1.1667, "color": "ffffffff" },
					{ "time": 1.6667, "color": "ffffff00" }
				]
			},
			"dian13": {
				"color": [
					{ "time": 0, "color": "ffffff00", "curve": "stepped" },
					{ "time": 0.1667, "color": "ffffff00" },
					{ "time": 0.3333, "color": "ffffffff" },
					{ "time": 0.8333, "color": "ffffff00" },
					{ "time": 1.3333, "color": "ffffffff" },
					{ "time": 1.8333, "color": "ffffff00" }
				]
			},
			"dian14": {
				"color": [
					{ "time": 0, "color": "fdfeff00", "curve": "stepped" },
					{ "time": 0.5, "color": "fdfeff00" },
					{ "time": 0.6667, "color": "ffffffff" },
					{ "time": 1.3333, "color": "ffffff00" },
					{ "time": 2, "color": "ffffffff" },
					{ "time": 2.5, "color": "ffffff00" }
				]
			}
		},
		"bones": {
			"dian": {
				"translate": [
					{ "time": 0, "x": 0, "y": 0 },
					{ "time": 2.3333, "x": 0, "y": 44.29, "curve": "stepped" },
					{ "time": 2.5, "x": 0, "y": 44.29 }
				]
			},
			"dian2": {
				"translate": [
					{ "time": 0, "x": 0, "y": 0, "curve": "stepped" },
					{ "time": 0.3333, "x": 0, "y": 0 },
					{ "time": 2, "x": 0, "y": 44.29 }
				]
			},
			"dian3": {
				"translate": [
					{ "time": 0, "x": 0, "y": 0, "curve": "stepped" },
					{ "time": 0.3333, "x": 0, "y": 0 },
					{ "time": 2, "x": 0, "y": 44.29 }
				]
			},
			"dian4": {
				"translate": [
					{ "time": 0, "x": 0, "y": 0 },
					{ "time": 1.6667, "x": 0, "y": 44.29 }
				]
			},
			"dian5": {
				"translate": [
					{ "time": 0, "x": 0, "y": 0 },
					{ "time": 1.6667, "x": 0, "y": 44.29 }
				]
			},
			"dian6": {
				"translate": [
					{ "time": 0, "x": 0, "y": 0, "curve": "stepped" },
					{ "time": 0.6667, "x": 0, "y": 0 },
					{ "time": 2.3333, "x": 0, "y": 44.29 }
				]
			},
			"dian7": {
				"translate": [
					{ "time": 0, "x": 0, "y": 0, "curve": "stepped" },
					{ "time": 0.6667, "x": 0, "y": 0 },
					{ "time": 2.3333, "x": 0, "y": 44.29 }
				]
			},
			"dian8": {
				"translate": [
					{ "time": 0, "x": 0, "y": 0, "curve": "stepped" },
					{ "time": 0.6667, "x": 0, "y": 0 },
					{ "time": 2.3333, "x": 0, "y": 44.29 }
				]
			},
			"dian9": {
				"translate": [
					{ "time": 0, "x": 0, "y": 0, "curve": "stepped" },
					{ "time": 0.6667, "x": 0, "y": 0 },
					{ "time": 2.3333, "x": 0, "y": 44.29 }
				]
			},
			"dian10": {
				"translate": [
					{ "time": 0, "x": 0, "y": 0 },
					{ "time": 1.6667, "x": 0, "y": 44.29 }
				]
			},
			"dian11": {
				"translate": [
					{ "time": 0, "x": 0, "y": 0 },
					{ "time": 1.6667, "x": 0, "y": 44.29 }
				]
			},
			"dian12": {
				"translate": [
					{ "time": 0, "x": 0, "y": 0 },
					{ "time": 1.6667, "x": 0, "y": 44.29 }
				]
			},
			"dian13": {
				"translate": [
					{ "time": 0, "x": 0, "y": 0, "curve": "stepped" },
					{ "time": 0.1667, "x": 0, "y": 0 },
					{ "time": 1.8333, "x": 0, "y": 44.29 }
				]
			},
			"dian14": {
				"translate": [
					{ "time": 0, "x": 0, "y": 0, "curve": "stepped" },
					{ "time": 0.5, "x": 0, "y": 0 },
					{ "time": 2.5, "x": 0, "y": 44.29 }
				]
			}
		}
	}
}
}