[
    {"id":10001,"name":"工业仓库1","res":"IndustrialWarehouse01","length":18,"obstacle":[1,6,7,8,3,4]},
    {"id":10002,"name":"工业仓库2","res":"IndustrialWarehouse02","length":27,"obstacle":[1,6,7,8,3,4]},
    {"id":10003,"name":"工业仓库3","res":"IndustrialWarehouse03","length":27,"obstacle":[1,6,7,8,3,4]},
    {"id":10004,"name":"郊区车库1","res":"SuburbsGarage01","length":9,"obstacle":[1,6,7,8,3,4]},
    {"id":10005,"name":"郊区房子1","res":"SuburbsHouse01","length":18,"obstacle":[1,6,7,8,3,4]},
    {"id":10006,"name":"郊区房子2","res":"SuburbsHouse02","length":18,"obstacle":[1,6,7,8,3,4]},
    {"id":10007,"name":"郊区房子3","res":"SuburbsHouse03","length":18,"obstacle":[1,6,7,8,3,4]},
    {"id":10008,"name":"城市砖墙1","res":"UrbanBrickWalls01","length":9,"obstacle":[1,6,7,8,3,4]},
    {"id":10009,"name":"城市砖墙2","res":"UrbanBrickWalls02","length":9,"obstacle":[1,6,7,8,3,4]},
    {"id":10010,"name":"城市砖墙3","res":"UrbanBrickWalls03","length":9,"obstacle":[1,6,7,8,3,4]},
    {"id":10011,"name":"城市建筑1","res":"UrbanBuilding01","length":18,"obstacle":[1,6,7,8,3,4]},
    {"id":10012,"name":"城市建筑2","res":"UrbanBuilding02","length":18,"obstacle":[1,6,7,8,3,4]},
    {"id":10013,"name":"城市建筑3","res":"UrbanBuilding03","length":18,"obstacle":[1,6,7,8,3,4]},
    {"id":10014,"name":"城市建筑4","res":"UrbanBuilding04","length":18,"obstacle":[1,6,7,8,3,4]},
    {"id":10015,"name":"城市管理员1","res":"UrbanDumpsters01","length":9,"obstacle":[1,6,7,8,3,4]},
    {"id":10016,"name":"城市管理员2","res":"UrbanDumpsters02","length":9,"obstacle":[1,6,7,8,3,4]},
    {"id":10017,"name":"城市灰泥墙1","res":"UrbanPlasterWalls01","length":9,"obstacle":[1,6,7,8,3,4]},
    {"id":10018,"name":"城市灰泥墙2","res":"UrbanPlasterWalls02","length":9,"obstacle":[1,6,7,8,3,4]},
    {"id":10019,"name":"城市灰泥墙3","res":"UrbanPlasterWalls03","length":9,"obstacle":[1,6,7,8,3,4]},
    {"id":10020,"name":"城市道路交叉口","res":"UrbanRoadIntersection","length":18,"obstacle":[1,6,7,8,3,4]},
    {"id":10021,"name":"城市道路区段","res":"UrbanRoadTSection","length":18,"obstacle":[1,6,7,8,3,4]}
]