[
    {"id":1,"name":"桶","res":"ObstacleBin","up":1,"down":0,"pos":0},
    {"id":2,"name":"狗","res":"ObstacleDog","up":1,"down":0,"pos":0},
    {"id":3,"name":"高栏杆","res":"ObstacleHighBarrier","up":1,"down":1,"pos":1},
    {"id":4,"name":"矮栏杆","res":"ObstacleLowBarrier","up":1,"down":0,"pos":1},
    {"id":5,"name":"老鼠","res":"ObstacleRat","up":1,"down":0,"pos":0},
    {"id":6,"name":"道路工程屏障","res":"ObstacleRoadworksBarrier","up":1,"down":0,"pos":0},
    {"id":7,"name":"道路施工桶","res":"ObstacleRoadworksCone","up":1,"down":0,"pos":0},
    {"id":8,"name":"垃圾桶","res":"ObstacleWheelyBin","up":0,"down":0,"pos":0}
]