{"type":"View","props":{"width":750,"top":0,"right":0,"left":0,"height":1334,"centerY":0,"centerX":0,"bottom":0},"compId":2,"child":[{"type":"Image","props":{"width":30,"var":"gold","top":157,"skin":"ui/Coin.png","right":88,"height":40},"compId":28},{"type":"Label","props":{"var":"goldNum","top":157,"text":"320","right":125,"italic":false,"fontSize":40,"color":"#fdfdfd","bold":true},"compId":34},{"type":"Label","props":{"var":"lever","top":157,"text":"120","pivotX":34,"height":40,"fontSize":36,"color":"#ffffff","centerX":0,"bold":false},"compId":35},{"type":"Box","props":{"width":160,"top":200,"rotation":0,"pivotX":100,"height":20,"centerX":0},"compId":42,"child":[{"type":"Image","props":{"y":0,"x":0,"width":160,"skin":"ui/load2.png","sizeGrid":"0,0,0,0","height":20},"compId":43},{"type":"Image","props":{"y":0,"x":100,"width":38,"var":"pro","skin":"ui/load1.png","sizeGrid":"0,0,0,0","pivotX":100,"height":20},"compId":44}]},{"type":"Image","props":{"y":10,"x":10,"width":281,"var":"m_help","skin":"ui/swip21.png","sizeGrid":"0,0,0,0","height":23,"centerY":180,"centerX":0},"compId":49,"child":[{"type":"Image","props":{"y":11.5,"x":239,"width":56,"var":"hand1","skin":"ui/swipe2.png","height":71},"compId":50},{"type":"Label","props":{"y":-25,"x":28,"var":"tipts1","text":"按住并拖动可以移动","fontSize":25,"font":"Microsoft YaHei","color":"#ffffff","bold":true},"compId":51}]},{"type":"Image","props":{"zOrder":-1,"y":177,"x":100,"width":100,"var":"test","skin":"ui/Btn_01.png","scaleX":1,"rotation":150,"name":"test","height":50,"centerY":0,"anchorY":0.5,"anchorX":0.5},"compId":52}],"loadList":["ui/Coin.png","ui/load2.png","ui/load1.png","ui/swip21.png","ui/swipe2.png","ui/Btn_01.png"],"loadList3D":[]}