{"type":"Scene","props":{"width":750,"name":"GameWin","height":1334},"compId":2,"child":[{"type":"Script","props":{"top":0,"right":0,"left":0,"bottom":0,"runtime":"laya.ui.Widget"},"compId":3},{"type":"Image","props":{"width":750,"var":"bg","skin":"ui/bg_2.png","name":"bg","height":1334},"compId":15,"child":[{"type":"Script","props":{"y":0,"x":0,"top":0,"right":0,"left":0,"bottom":0,"runtime":"laya.ui.Widget"},"compId":16}]},{"type":"Image","props":{"y":667,"x":375,"width":750,"height":1000,"anchorY":0.5,"anchorX":0.5},"compId":24,"child":[{"type":"Script","props":{"centerY":0,"centerX":0,"runtime":"laya.ui.Widget"},"compId":25},{"type":"Image","props":{"y":-167,"x":375,"var":"light","skin":"ui/light.png","name":"light","anchorY":0,"anchorX":0.5},"compId":27},{"type":"Image","props":{"y":71,"x":375,"skin":"ui/flag.png","name":"flag","anchorX":0.5},"compId":26},{"type":"Image","props":{"y":48,"x":375,"skin":"ui/winText.png","anchorX":0.5},"compId":28},{"type":"Image","props":{"y":510,"x":375,"skin":"ui/10multiple.png","anchorX":0.5},"compId":29},{"type":"Image","props":{"y":336,"x":375,"skin":"ui/bg_3.png","name":"award","anchorX":0.5},"compId":33,"child":[{"type":"Image","props":{"y":55,"x":266,"skin":"ui/awardText.png","anchorY":0.5,"anchorX":0.5},"compId":34},{"type":"Image","props":{"y":54,"x":358,"skin":"ui/coin1.png","anchorY":0.5,"anchorX":0.5},"compId":35},{"type":"FontClip","props":{"y":52,"x":421,"var":"coinText","value":"2000","skin":"ui/coinNum.png","sheet":"0123456789","name":"coinText","anchorY":0.5,"anchorX":0},"compId":36},{"type":"Label","props":{"y":27,"x":394.80078125,"text":"+","strokeColor":"#000000","stroke":3,"fontSize":50,"font":"SimHei","color":"#ffffff","bold":true},"compId":37}]},{"type":"Image","props":{"y":619,"x":375,"var":"tenMultipleBtn","skin":"ui/btn_yellow_small.png","name":"tenMultipleBtn","anchorY":0.5,"anchorX":0.5},"compId":18,"child":[{"type":"Image","props":{"y":22,"x":60.5,"skin":"ui/coin1.png","anchorX":0.5},"compId":19},{"type":"Image","props":{"y":-20,"x":274,"skin":"ui/video2.png","anchorX":0.5},"compId":31},{"type":"FontClip","props":{"y":53,"x":167,"var":"tenMultipleText","value":"10","skin":"ui/coinNum.png","sheet":"0123456789","name":"tenMultipleText","anchorY":0.5,"anchorX":0.5},"compId":32}]},{"type":"Image","props":{"y":772,"x":375,"var":"homeBtn","skin":"ui/btn_blue_small.png","name":"homeBtn","anchorY":0.5,"anchorX":0.5},"compId":20,"child":[{"type":"Image","props":{"y":31,"x":141.5,"skin":"ui/homeText.png","anchorX":0.5},"compId":21}]}]}],"loadList":["ui/bg_2.png","ui/light.png","ui/flag.png","ui/winText.png","ui/10multiple.png","ui/bg_3.png","ui/awardText.png","ui/coin1.png","ui/coinNum.png","ui/btn_yellow_small.png","ui/video2.png","ui/btn_blue_small.png","ui/homeText.png"],"loadList3D":[]}