{"type":"View","props":{"width":750,"height":1334,"centerY":0,"centerX":0},"compId":2,"child":[{"type":"Image","props":{"var":"bg","top":-200,"skin":"ui/loadbg.png","right":-200,"left":-200,"bottom":-200,"alpha":0.5},"compId":41},{"type":"Image","props":{"width":340,"var":"break","skin":"ui/Btn_01.png","runtime":"runtime/ImgClickEffect.ts","height":137,"centerX":0,"bottom":260},"compId":40,"child":[{"type":"Label","props":{"var":"adGoldNum","text":"+900","right":75,"fontSize":50,"color":"#f9f6f6","centerY":0,"bold":true},"compId":80},{"type":"Image","props":{"y":37,"x":273,"width":40,"skin":"ui/Coin.png","height":62},"compId":81},{"type":"Image","props":{"y":33,"x":39,"width":65,"skin":"ui/Icon_video.png","height":66},"compId":82}]},{"type":"Label","props":{"y":10,"x":10,"text":"您获得了","fontSize":50,"color":"#ffffff","centerY":0,"centerX":0},"compId":86,"child":[{"type":"Label","props":{"var":"goldNum","text":"+500","fontSize":90,"color":"#fdfdfd","centerY":92,"centerX":-52,"bold":true},"compId":87},{"type":"Image","props":{"y":79,"x":167,"width":66,"skin":"ui/Coin.png","height":77},"compId":88}]},{"type":"Label","props":{"var":"win","top":300,"text":"胜利","fontSize":100,"font":"Arial","color":"#fdfdfd","centerX":0,"bold":true},"compId":89}],"loadList":["ui/loadbg.png","ui/Btn_01.png","ui/Coin.png","ui/Icon_video.png"],"loadList3D":[]}