{"type":"Scene","props":{"width":640,"height":1136},"compId":2,"child":[{"type":"Image","props":{"width":877,"var":"bg","skin":"ui/loadbg.png","height":1465,"centerY":0,"centerX":0,"alpha":0.5},"compId":4},{"type":"Image","props":{"y":385,"x":109,"width":424,"skin":"ui/setting2.png","sizeGrid":"1,0,0,0","height":367,"centerY":0,"centerX":0},"compId":5,"child":[{"type":"Image","props":{"y":83,"x":40,"width":344,"visible":true,"var":"musicChoose","skin":"ui/button-green.png","height":72},"compId":6,"child":[{"type":"Label","props":{"text":"音乐","left":50,"fontSize":30,"font":"Arial","color":"#ffffff","centerY":0,"bold":true},"compId":7},{"type":"Label","props":{"var":"voiceText","text":"开","right":50,"fontSize":30,"color":"#ffffff","centerY":0},"compId":8}]},{"type":"Image","props":{"y":259,"x":40,"width":344,"visible":true,"var":"shockChoose","skin":"ui/button-green.png","height":72},"compId":9,"child":[{"type":"Label","props":{"text":"震动","left":50,"fontSize":30,"font":"Arial","color":"#ffffff","centerY":0,"bold":true},"compId":10},{"type":"Label","props":{"var":"shockText","text":"开","right":50,"fontSize":30,"color":"#ffffff","centerY":0},"compId":11}]},{"type":"Image","props":{"y":174,"x":40,"width":344,"visible":true,"var":"Soundeffect","skin":"ui/button-green.png","height":72},"compId":21,"child":[{"type":"Label","props":{"text":"音效","left":50,"fontSize":30,"font":"Arial","color":"#ffffff","centerY":0,"bold":true},"compId":22},{"type":"Label","props":{"var":"soundText","text":"开","right":50,"fontSize":30,"color":"#ffffff","centerY":0},"compId":23}]},{"type":"Label","props":{"top":18,"text":"设置","fontSize":30,"color":"#f9f8f8","centerX":-2,"bold":true},"compId":16},{"type":"Image","props":{"var":"settingPlaneClose","top":11,"skin":"ui/closed.png","right":10},"compId":17}]}],"loadList":["ui/loadbg.png","ui/setting2.png","ui/button-green.png","ui/closed.png"],"loadList3D":[]}